2025-12-24 20:43:04 [main] INFO  Logger - [TestNG] Running:
  C:\Users\pinku\AppData\Local\JetBrains\IntelliJIdea2025.3\temp-testng-customsuite.xml

2025-12-24 20:43:04 [main] INFO  BaseClass - config.properties loaded
2025-12-24 20:43:05 [main] INFO  BaseClass - ChromeDriver Instance is created
2025-12-24 20:43:12 [main] INFO  BaseClass - WebDriver Initialized and Browser Maximized
2025-12-24 20:43:12 [main] TRACE BaseClass - This is a Trace message
2025-12-24 20:43:12 [main] DEBUG BaseClass - This is a Debug message
2025-12-24 20:43:12 [main] WARN  BaseClass - This is a Warn message
2025-12-24 20:43:12 [main] INFO  ActionDriver - WebDriver instance is created.
2025-12-24 20:43:12 [main] INFO  BaseClass - Action Driver instance created
2025-12-24 20:43:12 [main] INFO  ActionDriver - Entered text: Admin
2025-12-24 20:43:12 [main] INFO  ActionDriver - Entered text: admin123
2025-12-24 20:43:13 [main] INFO  ActionDriver - Clicked an element
2025-12-24 20:43:14 [main] INFO  ActionDriver - Clicked an element
2025-12-24 20:43:16 [main] INFO  ActionDriver - Clicked an element
2025-12-24 20:43:20 [main] INFO  BaseClass - WebDriver instance is closed
2025-12-24 20:43:52 [main] INFO  Logger - [TestNG] Running:
  C:\Users\pinku\AppData\Local\JetBrains\IntelliJIdea2025.3\temp-testng-customsuite.xml

2025-12-24 20:43:52 [main] INFO  BaseClass - config.properties loaded
2025-12-24 20:43:54 [main] INFO  BaseClass - ChromeDriver Instance is created
2025-12-24 20:44:00 [main] INFO  BaseClass - WebDriver Initialized and Browser Maximized
2025-12-24 20:44:00 [main] TRACE BaseClass - This is a Trace message
2025-12-24 20:44:00 [main] DEBUG BaseClass - This is a Debug message
2025-12-24 20:44:00 [main] WARN  BaseClass - This is a Warn message
2025-12-24 20:44:00 [main] INFO  ActionDriver - WebDriver instance is created.
2025-12-24 20:44:00 [main] INFO  BaseClass - Action Driver instance created
2025-12-24 20:44:00 [main] INFO  ActionDriver - Entered text: Admin
2025-12-24 20:44:00 [main] INFO  ActionDriver - Entered text: admin
2025-12-24 20:44:00 [main] INFO  ActionDriver - Clicked an element
2025-12-24 20:44:02 [main] INFO  ActionDriver - Texts are Matching: Invalid credentials equals Invalid credentials
2025-12-24 20:44:02 [main] INFO  BaseClass - WebDriver instance is closed
2025-12-24 20:44:03 [main] INFO  BaseClass - ChromeDriver Instance is created
2025-12-24 20:44:09 [main] INFO  BaseClass - WebDriver Initialized and Browser Maximized
2025-12-24 20:44:09 [main] TRACE BaseClass - This is a Trace message
2025-12-24 20:44:09 [main] DEBUG BaseClass - This is a Debug message
2025-12-24 20:44:09 [main] WARN  BaseClass - This is a Warn message
2025-12-24 20:44:09 [main] INFO  ActionDriver - WebDriver instance is created.
2025-12-24 20:44:09 [main] INFO  BaseClass - Action Driver instance created
2025-12-24 20:44:09 [main] INFO  ActionDriver - Entered text: Admin
2025-12-24 20:44:09 [main] INFO  ActionDriver - Entered text: admin123
2025-12-24 20:44:09 [main] INFO  ActionDriver - Clicked an element
2025-12-24 20:44:11 [main] INFO  ActionDriver - Clicked an element
2025-12-24 20:44:13 [main] INFO  ActionDriver - Clicked an element
2025-12-24 20:44:15 [main] INFO  BaseClass - WebDriver instance is closed
2025-12-24 21:11:48 [main] INFO  Logger - [TestNG] Running:
  C:\Users\pinku\AppData\Local\JetBrains\IntelliJIdea2025.3\temp-testng-customsuite.xml

2025-12-24 21:11:48 [main] INFO  BaseClass - config.properties loaded
2025-12-24 21:11:50 [main] INFO  BaseClass - ChromeDriver Instance is created
2025-12-24 21:11:58 [main] INFO  BaseClass - WebDriver Initialized and Browser Maximized
2025-12-24 21:11:58 [main] TRACE BaseClass - This is a Trace message
2025-12-24 21:11:58 [main] DEBUG BaseClass - This is a Debug message
2025-12-24 21:11:58 [main] WARN  BaseClass - This is a Warn message
2025-12-24 21:11:58 [main] INFO  ActionDriver - WebDriver instance is created.
2025-12-24 21:11:58 [main] INFO  BaseClass - Action Driver instance created
2025-12-24 21:11:59 [main] INFO  ActionDriver - Entered text: Admin
2025-12-24 21:11:59 [main] INFO  ActionDriver - Entered text: admin
2025-12-24 21:11:59 [main] INFO  ActionDriver - Clicked an element
2025-12-24 21:12:01 [main] INFO  ActionDriver - Texts are Matching: Invalid credentials equals Invalid credentials
2025-12-24 21:12:01 [main] INFO  BaseClass - WebDriver instance is closed
2025-12-24 21:12:02 [main] INFO  BaseClass - ChromeDriver Instance is created
2025-12-24 21:12:08 [main] INFO  BaseClass - WebDriver Initialized and Browser Maximized
2025-12-24 21:12:08 [main] TRACE BaseClass - This is a Trace message
2025-12-24 21:12:08 [main] DEBUG BaseClass - This is a Debug message
2025-12-24 21:12:08 [main] WARN  BaseClass - This is a Warn message
2025-12-24 21:12:08 [main] INFO  ActionDriver - WebDriver instance is created.
2025-12-24 21:12:08 [main] INFO  BaseClass - Action Driver instance created
2025-12-24 21:12:08 [main] INFO  ActionDriver - Entered text: Admin
2025-12-24 21:12:08 [main] INFO  ActionDriver - Entered text: admin123
2025-12-24 21:12:08 [main] INFO  ActionDriver - Clicked an element
2025-12-24 21:12:10 [main] INFO  ActionDriver - Clicked an element
2025-12-24 21:12:11 [main] INFO  ActionDriver - Clicked an element
2025-12-24 21:12:14 [main] INFO  BaseClass - WebDriver instance is closed
2025-12-25 22:38:22 [main] INFO  Logger - [TestNG] Running:
  C:\Users\pinku\AppData\Local\JetBrains\IntelliJIdea2025.3\temp-testng-customsuite.xml

2025-12-25 22:38:22 [main] INFO  BaseClass - config.properties loaded
2025-12-25 22:38:29 [main] INFO  BaseClass - ChromeDriver Instance is created
2025-12-25 22:38:35 [main] INFO  BaseClass - WebDriver Initialized and Browser Maximized
2025-12-25 22:38:35 [main] TRACE BaseClass - This is a Trace message
2025-12-25 22:38:35 [main] DEBUG BaseClass - This is a Debug message
2025-12-25 22:38:35 [main] WARN  BaseClass - This is a Warn message
2025-12-25 22:38:35 [main] INFO  ActionDriver - WebDriver instance is created.
2025-12-25 22:38:35 [main] INFO  BaseClass - Action Driver instance created
2025-12-25 22:38:35 [main] INFO  ActionDriver - Entered text on: Element with name: username Admin
2025-12-25 22:38:35 [main] INFO  ActionDriver - Entered text on: Element with name: password admin
2025-12-25 22:38:36 [main] INFO  ActionDriver - Clicked an element--> Element with text: Login
2025-12-25 22:38:37 [main] INFO  ActionDriver - Texts are Matching: Invalid credentials equals Invalid credentials
2025-12-25 22:38:38 [main] INFO  BaseClass - WebDriver instance is closed
2025-12-25 22:38:39 [main] INFO  BaseClass - ChromeDriver Instance is created
2025-12-25 22:38:45 [main] INFO  BaseClass - WebDriver Initialized and Browser Maximized
2025-12-25 22:38:45 [main] TRACE BaseClass - This is a Trace message
2025-12-25 22:38:45 [main] DEBUG BaseClass - This is a Debug message
2025-12-25 22:38:45 [main] WARN  BaseClass - This is a Warn message
2025-12-25 22:38:45 [main] INFO  ActionDriver - WebDriver instance is created.
2025-12-25 22:38:45 [main] INFO  BaseClass - Action Driver instance created
2025-12-25 22:38:46 [main] INFO  ActionDriver - Entered text on: Element with name: username Admin
2025-12-25 22:38:46 [main] INFO  ActionDriver - Entered text on: Element with name: password admin123
2025-12-25 22:38:46 [main] INFO  ActionDriver - Clicked an element--> Element with text: Login
2025-12-25 22:38:49 [main] INFO  ActionDriver - Element is displayed: Element with text: Admin
2025-12-25 22:38:49 [main] INFO  ActionDriver - Clicked an element--> Element with text: manda user
2025-12-25 22:38:51 [main] INFO  ActionDriver - Clicked an element--> Element with text: Logout
2025-12-25 22:38:53 [main] INFO  BaseClass - WebDriver instance is closed
2025-12-25 22:44:07 [main] INFO  Logger - [TestNG] Running:
  C:\Users\pinku\AppData\Local\JetBrains\IntelliJIdea2025.3\temp-testng-customsuite.xml

2025-12-25 22:44:07 [main] INFO  BaseClass - config.properties loaded
2025-12-25 22:44:09 [main] INFO  BaseClass - ChromeDriver Instance is created
2025-12-25 22:44:15 [main] INFO  BaseClass - WebDriver Initialized and Browser Maximized
2025-12-25 22:44:15 [main] TRACE BaseClass - This is a Trace message
2025-12-25 22:44:15 [main] DEBUG BaseClass - This is a Debug message
2025-12-25 22:44:15 [main] WARN  BaseClass - This is a Warn message
2025-12-25 22:44:15 [main] INFO  ActionDriver - WebDriver instance is created.
2025-12-25 22:44:15 [main] INFO  BaseClass - Action Driver instance created
2025-12-25 22:44:15 [main] INFO  ActionDriver - Entered text on: Element with name: username-->Admin
2025-12-25 22:44:16 [main] INFO  ActionDriver - Entered text on: Element with name: password-->admin
2025-12-25 22:44:16 [main] INFO  ActionDriver - Clicked an element--> Element with text: Login
2025-12-25 22:44:18 [main] INFO  ActionDriver - Texts are Matching: Invalid credentials equals Invalid credentials
2025-12-25 22:44:18 [main] INFO  BaseClass - WebDriver instance is closed
2025-12-25 22:44:20 [main] INFO  BaseClass - ChromeDriver Instance is created
2025-12-25 22:44:26 [main] INFO  BaseClass - WebDriver Initialized and Browser Maximized
2025-12-25 22:44:26 [main] TRACE BaseClass - This is a Trace message
2025-12-25 22:44:26 [main] DEBUG BaseClass - This is a Debug message
2025-12-25 22:44:26 [main] WARN  BaseClass - This is a Warn message
2025-12-25 22:44:26 [main] INFO  ActionDriver - WebDriver instance is created.
2025-12-25 22:44:26 [main] INFO  BaseClass - Action Driver instance created
2025-12-25 22:44:27 [main] INFO  ActionDriver - Entered text on: Element with name: username-->Admin
2025-12-25 22:44:28 [main] INFO  ActionDriver - Entered text on: Element with name: password-->admin123
2025-12-25 22:44:29 [main] INFO  ActionDriver - Clicked an element--> Element with text: Login
2025-12-25 22:44:30 [main] INFO  ActionDriver - Element is displayed: Element with text: Admin
2025-12-25 22:44:30 [main] INFO  ActionDriver - Clicked an element--> Element with text: manda user
2025-12-25 22:44:32 [main] INFO  ActionDriver - Clicked an element--> Element with text: Logout
2025-12-25 22:44:34 [main] INFO  BaseClass - WebDriver instance is closed
2025-12-26 19:19:17 [main] INFO  Logger - [TestNG] Running:
  E:\SeleniumFramework\OrangeHRMProject\src\test\resources\testng.xml

2025-12-26 19:19:17 [main] INFO  BaseClass - config.properties loaded
2025-12-26 19:19:23 [TestNG-test-OrangeHRMTest-2] INFO  BaseClass - ChromeDriver Instance is created
2025-12-26 19:19:23 [TestNG-test-OrangeHRMTest-3] INFO  BaseClass - ChromeDriver Instance is created
2025-12-26 19:19:23 [TestNG-test-OrangeHRMTest-1] INFO  BaseClass - ChromeDriver Instance is created
2025-12-26 19:19:23 [TestNG-test-OrangeHRMTest-4] INFO  BaseClass - ChromeDriver Instance is created
2025-12-26 19:19:26 [TestNG-test-OrangeHRMTest-4] INFO  BaseClass - WebDriver Initialized and Browser Maximized
2025-12-26 19:19:26 [TestNG-test-OrangeHRMTest-4] TRACE BaseClass - This is a Trace message
2025-12-26 19:19:26 [TestNG-test-OrangeHRMTest-4] DEBUG BaseClass - This is a Debug message
2025-12-26 19:19:26 [TestNG-test-OrangeHRMTest-4] WARN  BaseClass - This is a Warn message
2025-12-26 19:19:26 [TestNG-test-OrangeHRMTest-4] INFO  ActionDriver - WebDriver instance is created.
2025-12-26 19:19:26 [TestNG-test-OrangeHRMTest-4] INFO  BaseClass - Action Driver instance created. TestNG-test-OrangeHRMTest-4
2025-12-26 19:19:30 [TestNG-test-OrangeHRMTest-2] INFO  BaseClass - WebDriver Initialized and Browser Maximized
2025-12-26 19:19:30 [TestNG-test-OrangeHRMTest-2] TRACE BaseClass - This is a Trace message
2025-12-26 19:19:30 [TestNG-test-OrangeHRMTest-2] DEBUG BaseClass - This is a Debug message
2025-12-26 19:19:30 [TestNG-test-OrangeHRMTest-2] WARN  BaseClass - This is a Warn message
2025-12-26 19:19:30 [TestNG-test-OrangeHRMTest-4] INFO  ActionDriver - Element is displayed: Unable to describe the element
2025-12-26 19:19:30 [TestNG-test-OrangeHRMTest-2] INFO  BaseClass - WebDriver instance is closed
2025-12-26 19:19:30 [TestNG-test-OrangeHRMTest-4] INFO  BaseClass - WebDriver instance is closed
2025-12-26 19:19:31 [TestNG-test-OrangeHRMTest-3] INFO  BaseClass - WebDriver Initialized and Browser Maximized
2025-12-26 19:19:31 [TestNG-test-OrangeHRMTest-3] TRACE BaseClass - This is a Trace message
2025-12-26 19:19:31 [TestNG-test-OrangeHRMTest-3] DEBUG BaseClass - This is a Debug message
2025-12-26 19:19:31 [TestNG-test-OrangeHRMTest-3] WARN  BaseClass - This is a Warn message
2025-12-26 19:19:31 [TestNG-test-OrangeHRMTest-3] INFO  ActionDriver - WebDriver instance is created.
2025-12-26 19:19:31 [TestNG-test-OrangeHRMTest-3] INFO  BaseClass - Action Driver instance created. TestNG-test-OrangeHRMTest-3
2025-12-26 19:19:31 [TestNG-test-OrangeHRMTest-1] INFO  BaseClass - WebDriver Initialized and Browser Maximized
2025-12-26 19:19:31 [TestNG-test-OrangeHRMTest-1] TRACE BaseClass - This is a Trace message
2025-12-26 19:19:31 [TestNG-test-OrangeHRMTest-1] DEBUG BaseClass - This is a Debug message
2025-12-26 19:19:31 [TestNG-test-OrangeHRMTest-1] WARN  BaseClass - This is a Warn message
2025-12-26 19:19:31 [TestNG-test-OrangeHRMTest-1] INFO  BaseClass - WebDriver instance is closed
2025-12-26 19:37:46 [main] INFO  Logger - [TestNG] Running:
  E:\SeleniumFramework\OrangeHRMProject\src\test\resources\testng.xml

2025-12-26 19:37:46 [main] INFO  BaseClass - config.properties loaded
2025-12-26 19:37:50 [TestNG-test-OrangeHRMTest-3] INFO  BaseClass - ChromeDriver Instance is created
2025-12-26 19:37:50 [TestNG-test-OrangeHRMTest-4] INFO  BaseClass - ChromeDriver Instance is created
2025-12-26 19:37:50 [TestNG-test-OrangeHRMTest-2] INFO  BaseClass - ChromeDriver Instance is created
2025-12-26 19:37:50 [TestNG-test-OrangeHRMTest-1] INFO  BaseClass - ChromeDriver Instance is created
2025-12-26 19:37:56 [TestNG-test-OrangeHRMTest-3] INFO  BaseClass - WebDriver Initialized and Browser Maximized
2025-12-26 19:37:56 [TestNG-test-OrangeHRMTest-3] TRACE BaseClass - This is a Trace message
2025-12-26 19:37:56 [TestNG-test-OrangeHRMTest-3] DEBUG BaseClass - This is a Debug message
2025-12-26 19:37:56 [TestNG-test-OrangeHRMTest-3] WARN  BaseClass - This is a Warn message
2025-12-26 19:37:56 [TestNG-test-OrangeHRMTest-3] INFO  ActionDriver - WebDriver instance is created.
2025-12-26 19:37:56 [TestNG-test-OrangeHRMTest-3] INFO  BaseClass - ActionDriver Initialized for Thread: 38
2025-12-26 19:37:56 [TestNG-test-OrangeHRMTest-3] INFO  ActionDriver - Entered text on: Element with name: username-->Admin
2025-12-26 19:37:57 [TestNG-test-OrangeHRMTest-2] INFO  BaseClass - WebDriver Initialized and Browser Maximized
2025-12-26 19:37:57 [TestNG-test-OrangeHRMTest-2] TRACE BaseClass - This is a Trace message
2025-12-26 19:37:57 [TestNG-test-OrangeHRMTest-2] DEBUG BaseClass - This is a Debug message
2025-12-26 19:37:57 [TestNG-test-OrangeHRMTest-2] WARN  BaseClass - This is a Warn message
2025-12-26 19:37:57 [TestNG-test-OrangeHRMTest-2] INFO  ActionDriver - WebDriver instance is created.
2025-12-26 19:37:57 [TestNG-test-OrangeHRMTest-2] INFO  BaseClass - ActionDriver Initialized for Thread: 37
2025-12-26 19:37:57 [TestNG-test-OrangeHRMTest-3] INFO  ActionDriver - Entered text on: Element with name: password-->admin
2025-12-26 19:37:57 [TestNG-test-OrangeHRMTest-3] INFO  ActionDriver - Clicked an element--> Element with text: Login
2025-12-26 19:37:57 [TestNG-test-OrangeHRMTest-4] INFO  BaseClass - WebDriver Initialized and Browser Maximized
2025-12-26 19:37:57 [TestNG-test-OrangeHRMTest-4] TRACE BaseClass - This is a Trace message
2025-12-26 19:37:57 [TestNG-test-OrangeHRMTest-4] DEBUG BaseClass - This is a Debug message
2025-12-26 19:37:57 [TestNG-test-OrangeHRMTest-4] WARN  BaseClass - This is a Warn message
2025-12-26 19:37:57 [TestNG-test-OrangeHRMTest-4] INFO  ActionDriver - WebDriver instance is created.
2025-12-26 19:37:57 [TestNG-test-OrangeHRMTest-4] INFO  BaseClass - ActionDriver Initialized for Thread: 39
2025-12-26 19:37:57 [TestNG-test-OrangeHRMTest-2] INFO  BaseClass - WebDriver instance is closed
2025-12-26 19:37:57 [TestNG-test-OrangeHRMTest-1] INFO  BaseClass - WebDriver Initialized and Browser Maximized
2025-12-26 19:37:57 [TestNG-test-OrangeHRMTest-1] TRACE BaseClass - This is a Trace message
2025-12-26 19:37:57 [TestNG-test-OrangeHRMTest-1] DEBUG BaseClass - This is a Debug message
2025-12-26 19:37:57 [TestNG-test-OrangeHRMTest-1] WARN  BaseClass - This is a Warn message
2025-12-26 19:37:57 [TestNG-test-OrangeHRMTest-1] INFO  ActionDriver - WebDriver instance is created.
2025-12-26 19:37:57 [TestNG-test-OrangeHRMTest-1] INFO  BaseClass - ActionDriver Initialized for Thread: 36
2025-12-26 19:37:58 [TestNG-test-OrangeHRMTest-4] INFO  ActionDriver - Entered text on: Element with name: username-->admin
2025-12-26 19:37:58 [TestNG-test-OrangeHRMTest-1] INFO  BaseClass - WebDriver instance is closed
2025-12-26 19:37:58 [TestNG-test-OrangeHRMTest-4] INFO  ActionDriver - Entered text on: Element with name: password-->admin123
2025-12-26 19:37:58 [TestNG-test-OrangeHRMTest-4] INFO  ActionDriver - Clicked an element--> Element with text: Login
2025-12-26 19:37:59 [TestNG-test-OrangeHRMTest-3] INFO  ActionDriver - Texts are Matching: Invalid credentials equals Invalid credentials
2025-12-26 19:37:59 [TestNG-test-OrangeHRMTest-3] INFO  BaseClass - WebDriver instance is closed
2025-12-26 19:38:01 [TestNG-test-OrangeHRMTest-4] INFO  ActionDriver - Element is displayed: Unable to describe the element
2025-12-26 19:38:01 [TestNG-test-OrangeHRMTest-3] INFO  BaseClass - ChromeDriver Instance is created
2025-12-26 19:38:01 [TestNG-test-OrangeHRMTest-4] INFO  BaseClass - WebDriver instance is closed
2025-12-26 19:38:08 [TestNG-test-OrangeHRMTest-3] INFO  BaseClass - WebDriver Initialized and Browser Maximized
2025-12-26 19:38:08 [TestNG-test-OrangeHRMTest-3] TRACE BaseClass - This is a Trace message
2025-12-26 19:38:08 [TestNG-test-OrangeHRMTest-3] DEBUG BaseClass - This is a Debug message
2025-12-26 19:38:08 [TestNG-test-OrangeHRMTest-3] WARN  BaseClass - This is a Warn message
2025-12-26 19:38:08 [TestNG-test-OrangeHRMTest-3] INFO  ActionDriver - WebDriver instance is created.
2025-12-26 19:38:08 [TestNG-test-OrangeHRMTest-3] INFO  BaseClass - ActionDriver Initialized for Thread: 38
2025-12-26 19:38:08 [TestNG-test-OrangeHRMTest-3] INFO  ActionDriver - Entered text on: Element with name: username-->Admin
2025-12-26 19:38:09 [TestNG-test-OrangeHRMTest-3] INFO  ActionDriver - Entered text on: Element with name: password-->admin123
2025-12-26 19:38:09 [TestNG-test-OrangeHRMTest-3] INFO  ActionDriver - Clicked an element--> Element with text: Login
2025-12-26 19:38:11 [TestNG-test-OrangeHRMTest-3] INFO  ActionDriver - Element is displayed: Element with text: Admin
2025-12-26 19:38:11 [TestNG-test-OrangeHRMTest-3] INFO  ActionDriver - Clicked an element--> Element with text: New user Name New LN
2025-12-26 19:38:15 [TestNG-test-OrangeHRMTest-3] INFO  ActionDriver - Clicked an element--> Element with text: Logout
2025-12-26 19:38:18 [TestNG-test-OrangeHRMTest-3] INFO  BaseClass - WebDriver instance is closed
2025-12-26 19:39:57 [main] INFO  Logger - [TestNG] Running:
  E:\SeleniumFramework\OrangeHRMProject\src\test\resources\testng.xml

2025-12-26 19:39:57 [main] INFO  BaseClass - config.properties loaded
2025-12-26 19:39:59 [TestNG-tests-1] INFO  BaseClass - ChromeDriver Instance is created
2025-12-26 19:40:04 [TestNG-tests-1] INFO  BaseClass - WebDriver Initialized and Browser Maximized
2025-12-26 19:40:04 [TestNG-tests-1] TRACE BaseClass - This is a Trace message
2025-12-26 19:40:04 [TestNG-tests-1] DEBUG BaseClass - This is a Debug message
2025-12-26 19:40:04 [TestNG-tests-1] WARN  BaseClass - This is a Warn message
2025-12-26 19:40:04 [TestNG-tests-1] INFO  ActionDriver - WebDriver instance is created.
2025-12-26 19:40:04 [TestNG-tests-1] INFO  BaseClass - ActionDriver Initialized for Thread: 36
2025-12-26 19:40:05 [TestNG-tests-1] INFO  BaseClass - WebDriver instance is closed
2025-12-26 19:40:06 [TestNG-tests-1] INFO  BaseClass - ChromeDriver Instance is created
2025-12-26 19:40:12 [TestNG-tests-1] INFO  BaseClass - WebDriver Initialized and Browser Maximized
2025-12-26 19:40:12 [TestNG-tests-1] TRACE BaseClass - This is a Trace message
2025-12-26 19:40:12 [TestNG-tests-1] DEBUG BaseClass - This is a Debug message
2025-12-26 19:40:12 [TestNG-tests-1] WARN  BaseClass - This is a Warn message
2025-12-26 19:40:12 [TestNG-tests-1] INFO  ActionDriver - WebDriver instance is created.
2025-12-26 19:40:12 [TestNG-tests-1] INFO  BaseClass - ActionDriver Initialized for Thread: 36
2025-12-26 19:40:12 [TestNG-tests-1] INFO  BaseClass - WebDriver instance is closed
2025-12-26 19:40:13 [TestNG-tests-1] INFO  BaseClass - ChromeDriver Instance is created
2025-12-26 19:40:19 [TestNG-tests-1] INFO  BaseClass - WebDriver Initialized and Browser Maximized
2025-12-26 19:40:19 [TestNG-tests-1] TRACE BaseClass - This is a Trace message
2025-12-26 19:40:19 [TestNG-tests-1] DEBUG BaseClass - This is a Debug message
2025-12-26 19:40:19 [TestNG-tests-1] WARN  BaseClass - This is a Warn message
2025-12-26 19:40:19 [TestNG-tests-1] INFO  ActionDriver - WebDriver instance is created.
2025-12-26 19:40:19 [TestNG-tests-1] INFO  BaseClass - ActionDriver Initialized for Thread: 36
2025-12-26 19:40:19 [TestNG-tests-1] INFO  ActionDriver - Entered text on: Element with name: username-->Admin
2025-12-26 19:40:20 [TestNG-tests-1] INFO  ActionDriver - Entered text on: Element with name: password-->admin
2025-12-26 19:40:21 [TestNG-tests-1] INFO  ActionDriver - Clicked an element--> Element with text: Login
2025-12-26 19:40:22 [TestNG-tests-1] INFO  ActionDriver - Texts are Matching: Invalid credentials equals Invalid credentials
2025-12-26 19:40:22 [TestNG-tests-1] INFO  BaseClass - WebDriver instance is closed
2025-12-26 19:40:23 [TestNG-tests-1] INFO  BaseClass - ChromeDriver Instance is created
2025-12-26 19:40:28 [TestNG-tests-1] INFO  BaseClass - WebDriver Initialized and Browser Maximized
2025-12-26 19:40:28 [TestNG-tests-1] TRACE BaseClass - This is a Trace message
2025-12-26 19:40:28 [TestNG-tests-1] DEBUG BaseClass - This is a Debug message
2025-12-26 19:40:28 [TestNG-tests-1] WARN  BaseClass - This is a Warn message
2025-12-26 19:40:28 [TestNG-tests-1] INFO  ActionDriver - WebDriver instance is created.
2025-12-26 19:40:28 [TestNG-tests-1] INFO  BaseClass - ActionDriver Initialized for Thread: 36
2025-12-26 19:40:29 [TestNG-tests-1] INFO  ActionDriver - Entered text on: Element with name: username-->Admin
2025-12-26 19:40:29 [TestNG-tests-1] INFO  ActionDriver - Entered text on: Element with name: password-->admin123
2025-12-26 19:40:29 [TestNG-tests-1] INFO  ActionDriver - Clicked an element--> Element with text: Login
2025-12-26 19:40:31 [TestNG-tests-1] INFO  ActionDriver - Element is displayed: Element with text: Admin
2025-12-26 19:40:31 [TestNG-tests-1] INFO  ActionDriver - Clicked an element--> Element with text: New user Name New LN
2025-12-26 19:40:34 [TestNG-tests-1] INFO  ActionDriver - Clicked an element--> Element with text: Logout
2025-12-26 19:40:38 [TestNG-tests-1] INFO  BaseClass - WebDriver instance is closed
2025-12-26 19:40:39 [TestNG-tests-1] INFO  BaseClass - ChromeDriver Instance is created
2025-12-26 19:40:45 [TestNG-tests-1] INFO  BaseClass - WebDriver Initialized and Browser Maximized
2025-12-26 19:40:45 [TestNG-tests-1] TRACE BaseClass - This is a Trace message
2025-12-26 19:40:45 [TestNG-tests-1] DEBUG BaseClass - This is a Debug message
2025-12-26 19:40:45 [TestNG-tests-1] WARN  BaseClass - This is a Warn message
2025-12-26 19:40:45 [TestNG-tests-1] INFO  ActionDriver - WebDriver instance is created.
2025-12-26 19:40:45 [TestNG-tests-1] INFO  BaseClass - ActionDriver Initialized for Thread: 36
2025-12-26 19:40:46 [TestNG-tests-1] INFO  ActionDriver - Entered text on: Element with name: username-->admin
2025-12-26 19:40:46 [TestNG-tests-1] INFO  ActionDriver - Entered text on: Element with name: password-->admin123
2025-12-26 19:40:46 [TestNG-tests-1] INFO  ActionDriver - Clicked an element--> Element with text: Login
2025-12-26 19:40:48 [TestNG-tests-1] INFO  ActionDriver - Element is displayed: Unable to describe the element
2025-12-26 19:40:49 [TestNG-tests-1] INFO  BaseClass - WebDriver instance is closed
2025-12-26 19:43:20 [main] INFO  Logger - [TestNG] Running:
  E:\SeleniumFramework\OrangeHRMProject\src\test\resources\testng.xml

2025-12-26 19:43:20 [main] INFO  BaseClass - config.properties loaded
2025-12-26 19:43:22 [TestNG-test-OrangeHRMTest-2] INFO  BaseClass - ChromeDriver Instance is created
2025-12-26 19:43:22 [TestNG-test-OrangeHRMTest-5] INFO  BaseClass - ChromeDriver Instance is created
2025-12-26 19:43:22 [TestNG-test-OrangeHRMTest-1] INFO  BaseClass - ChromeDriver Instance is created
2025-12-26 19:43:23 [TestNG-test-OrangeHRMTest-3] INFO  BaseClass - ChromeDriver Instance is created
2025-12-26 19:43:23 [TestNG-test-OrangeHRMTest-4] INFO  BaseClass - ChromeDriver Instance is created
2025-12-26 19:43:29 [TestNG-test-OrangeHRMTest-3] INFO  BaseClass - WebDriver Initialized and Browser Maximized
2025-12-26 19:43:29 [TestNG-test-OrangeHRMTest-3] TRACE BaseClass - This is a Trace message
2025-12-26 19:43:29 [TestNG-test-OrangeHRMTest-3] DEBUG BaseClass - This is a Debug message
2025-12-26 19:43:29 [TestNG-test-OrangeHRMTest-3] WARN  BaseClass - This is a Warn message
2025-12-26 19:43:29 [TestNG-test-OrangeHRMTest-3] INFO  ActionDriver - WebDriver instance is created.
2025-12-26 19:43:29 [TestNG-test-OrangeHRMTest-3] INFO  BaseClass - ActionDriver Initialized for Thread: 38
2025-12-26 19:43:29 [TestNG-test-OrangeHRMTest-5] INFO  BaseClass - WebDriver Initialized and Browser Maximized
2025-12-26 19:43:29 [TestNG-test-OrangeHRMTest-5] TRACE BaseClass - This is a Trace message
2025-12-26 19:43:29 [TestNG-test-OrangeHRMTest-5] DEBUG BaseClass - This is a Debug message
2025-12-26 19:43:29 [TestNG-test-OrangeHRMTest-5] WARN  BaseClass - This is a Warn message
2025-12-26 19:43:29 [TestNG-test-OrangeHRMTest-5] INFO  ActionDriver - WebDriver instance is created.
2025-12-26 19:43:29 [TestNG-test-OrangeHRMTest-5] INFO  BaseClass - ActionDriver Initialized for Thread: 40
2025-12-26 19:43:29 [TestNG-test-OrangeHRMTest-1] INFO  BaseClass - WebDriver Initialized and Browser Maximized
2025-12-26 19:43:29 [TestNG-test-OrangeHRMTest-1] TRACE BaseClass - This is a Trace message
2025-12-26 19:43:29 [TestNG-test-OrangeHRMTest-1] DEBUG BaseClass - This is a Debug message
2025-12-26 19:43:29 [TestNG-test-OrangeHRMTest-1] WARN  BaseClass - This is a Warn message
2025-12-26 19:43:29 [TestNG-test-OrangeHRMTest-1] INFO  ActionDriver - WebDriver instance is created.
2025-12-26 19:43:29 [TestNG-test-OrangeHRMTest-1] INFO  BaseClass - ActionDriver Initialized for Thread: 36
2025-12-26 19:43:30 [TestNG-test-OrangeHRMTest-3] INFO  ActionDriver - Entered text on: Element with name: username-->Admin
2025-12-26 19:43:30 [TestNG-test-OrangeHRMTest-5] INFO  ActionDriver - Entered text on: Element with name: username-->admin
2025-12-26 19:43:30 [TestNG-test-OrangeHRMTest-3] INFO  ActionDriver - Entered text on: Element with name: password-->admin
2025-12-26 19:43:30 [TestNG-test-OrangeHRMTest-5] INFO  ActionDriver - Entered text on: Element with name: password-->admin123
2025-12-26 19:43:30 [TestNG-test-OrangeHRMTest-2] INFO  BaseClass - WebDriver Initialized and Browser Maximized
2025-12-26 19:43:30 [TestNG-test-OrangeHRMTest-2] TRACE BaseClass - This is a Trace message
2025-12-26 19:43:30 [TestNG-test-OrangeHRMTest-2] DEBUG BaseClass - This is a Debug message
2025-12-26 19:43:30 [TestNG-test-OrangeHRMTest-2] WARN  BaseClass - This is a Warn message
2025-12-26 19:43:30 [TestNG-test-OrangeHRMTest-2] INFO  ActionDriver - WebDriver instance is created.
2025-12-26 19:43:30 [TestNG-test-OrangeHRMTest-2] INFO  BaseClass - ActionDriver Initialized for Thread: 37
2025-12-26 19:43:31 [TestNG-test-OrangeHRMTest-1] INFO  BaseClass - WebDriver instance is closed
2025-12-26 19:43:31 [TestNG-test-OrangeHRMTest-4] INFO  BaseClass - WebDriver Initialized and Browser Maximized
2025-12-26 19:43:31 [TestNG-test-OrangeHRMTest-4] TRACE BaseClass - This is a Trace message
2025-12-26 19:43:31 [TestNG-test-OrangeHRMTest-4] DEBUG BaseClass - This is a Debug message
2025-12-26 19:43:31 [TestNG-test-OrangeHRMTest-4] WARN  BaseClass - This is a Warn message
2025-12-26 19:43:31 [TestNG-test-OrangeHRMTest-4] INFO  ActionDriver - WebDriver instance is created.
2025-12-26 19:43:31 [TestNG-test-OrangeHRMTest-4] INFO  BaseClass - ActionDriver Initialized for Thread: 39
2025-12-26 19:43:31 [TestNG-test-OrangeHRMTest-2] INFO  BaseClass - WebDriver instance is closed
2025-12-26 19:43:31 [TestNG-test-OrangeHRMTest-4] INFO  ActionDriver - Entered text on: Element with name: username-->Admin
2025-12-26 19:43:31 [TestNG-test-OrangeHRMTest-4] INFO  ActionDriver - Entered text on: Element with name: password-->admin123
2025-12-26 19:43:32 [TestNG-test-OrangeHRMTest-4] INFO  ActionDriver - Clicked an element--> Element with text: Login
2025-12-26 19:43:32 [TestNG-test-OrangeHRMTest-3] INFO  ActionDriver - Clicked an element--> Element with text: Login
2025-12-26 19:43:32 [TestNG-test-OrangeHRMTest-5] INFO  ActionDriver - Clicked an element--> Element with text: Login
2025-12-26 19:43:33 [TestNG-test-OrangeHRMTest-5] INFO  ActionDriver - Element is displayed: Unable to describe the element
2025-12-26 19:43:33 [TestNG-test-OrangeHRMTest-5] INFO  BaseClass - WebDriver instance is closed
2025-12-26 19:43:44 [TestNG-test-OrangeHRMTest-4] INFO  ActionDriver - Element is displayed: Element with text: Admin
2025-12-26 19:43:44 [TestNG-test-OrangeHRMTest-4] INFO  ActionDriver - Clicked an element--> Element with text: New user Name New LN
2025-12-26 19:43:45 [TestNG-test-OrangeHRMTest-4] INFO  ActionDriver - Clicked an element--> Element with text: Logout
2025-12-26 19:43:56 [TestNG-test-OrangeHRMTest-4] INFO  BaseClass - WebDriver instance is closed
2025-12-26 19:43:56 [TestNG-test-OrangeHRMTest-3] INFO  BaseClass - WebDriver instance is closed
2025-12-26 19:45:36 [main] INFO  Logger - [TestNG] Running:
  E:\SeleniumFramework\OrangeHRMProject\src\test\resources\testng.xml

2025-12-26 19:45:36 [main] INFO  BaseClass - config.properties loaded
2025-12-26 19:45:39 [TestNG-test-OrangeHRMTest-2] INFO  BaseClass - ChromeDriver Instance is created
2025-12-26 19:45:39 [TestNG-test-OrangeHRMTest-4] INFO  BaseClass - ChromeDriver Instance is created
2025-12-26 19:45:39 [TestNG-test-OrangeHRMTest-3] INFO  BaseClass - ChromeDriver Instance is created
2025-12-26 19:45:39 [TestNG-test-OrangeHRMTest-1] INFO  BaseClass - ChromeDriver Instance is created
2025-12-26 19:45:46 [TestNG-test-OrangeHRMTest-1] INFO  BaseClass - WebDriver Initialized and Browser Maximized
2025-12-26 19:45:46 [TestNG-test-OrangeHRMTest-1] TRACE BaseClass - This is a Trace message
2025-12-26 19:45:46 [TestNG-test-OrangeHRMTest-1] DEBUG BaseClass - This is a Debug message
2025-12-26 19:45:46 [TestNG-test-OrangeHRMTest-1] WARN  BaseClass - This is a Warn message
2025-12-26 19:45:46 [TestNG-test-OrangeHRMTest-3] INFO  BaseClass - WebDriver Initialized and Browser Maximized
2025-12-26 19:45:46 [TestNG-test-OrangeHRMTest-1] INFO  ActionDriver - WebDriver instance is created.
2025-12-26 19:45:46 [TestNG-test-OrangeHRMTest-3] TRACE BaseClass - This is a Trace message
2025-12-26 19:45:46 [TestNG-test-OrangeHRMTest-1] INFO  BaseClass - ActionDriver Initialized for Thread: 36
2025-12-26 19:45:46 [TestNG-test-OrangeHRMTest-3] DEBUG BaseClass - This is a Debug message
2025-12-26 19:45:46 [TestNG-test-OrangeHRMTest-3] WARN  BaseClass - This is a Warn message
2025-12-26 19:45:46 [TestNG-test-OrangeHRMTest-3] INFO  ActionDriver - WebDriver instance is created.
2025-12-26 19:45:46 [TestNG-test-OrangeHRMTest-3] INFO  BaseClass - ActionDriver Initialized for Thread: 38
2025-12-26 19:45:46 [TestNG-test-OrangeHRMTest-4] INFO  BaseClass - WebDriver Initialized and Browser Maximized
2025-12-26 19:45:46 [TestNG-test-OrangeHRMTest-4] TRACE BaseClass - This is a Trace message
2025-12-26 19:45:46 [TestNG-test-OrangeHRMTest-4] DEBUG BaseClass - This is a Debug message
2025-12-26 19:45:46 [TestNG-test-OrangeHRMTest-4] WARN  BaseClass - This is a Warn message
2025-12-26 19:45:46 [TestNG-test-OrangeHRMTest-4] INFO  ActionDriver - WebDriver instance is created.
2025-12-26 19:45:46 [TestNG-test-OrangeHRMTest-4] INFO  BaseClass - ActionDriver Initialized for Thread: 39
2025-12-26 19:45:46 [TestNG-test-OrangeHRMTest-3] INFO  ActionDriver - Entered text on: Element with name: username-->Admin
2025-12-26 19:45:46 [TestNG-test-OrangeHRMTest-4] INFO  ActionDriver - Entered text on: Element with name: username-->admin
2025-12-26 19:45:46 [TestNG-test-OrangeHRMTest-1] INFO  BaseClass - WebDriver instance is closed
2025-12-26 19:45:47 [TestNG-test-OrangeHRMTest-2] INFO  BaseClass - WebDriver Initialized and Browser Maximized
2025-12-26 19:45:47 [TestNG-test-OrangeHRMTest-2] TRACE BaseClass - This is a Trace message
2025-12-26 19:45:47 [TestNG-test-OrangeHRMTest-2] DEBUG BaseClass - This is a Debug message
2025-12-26 19:45:47 [TestNG-test-OrangeHRMTest-2] WARN  BaseClass - This is a Warn message
2025-12-26 19:45:47 [TestNG-test-OrangeHRMTest-2] INFO  ActionDriver - WebDriver instance is created.
2025-12-26 19:45:47 [TestNG-test-OrangeHRMTest-2] INFO  BaseClass - ActionDriver Initialized for Thread: 37
2025-12-26 19:45:47 [TestNG-test-OrangeHRMTest-3] INFO  ActionDriver - Entered text on: Element with name: password-->admin
2025-12-26 19:45:47 [TestNG-test-OrangeHRMTest-4] INFO  ActionDriver - Entered text on: Element with name: password-->admin123
2025-12-26 19:45:47 [TestNG-test-OrangeHRMTest-3] INFO  ActionDriver - Clicked an element--> Element with text: Login
2025-12-26 19:45:47 [TestNG-test-OrangeHRMTest-2] INFO  BaseClass - WebDriver instance is closed
2025-12-26 19:45:48 [TestNG-test-OrangeHRMTest-4] INFO  ActionDriver - Clicked an element--> Element with text: Login
2025-12-26 19:45:49 [TestNG-test-OrangeHRMTest-3] INFO  ActionDriver - Texts are Matching: Invalid credentials equals Invalid credentials
2025-12-26 19:45:49 [TestNG-test-OrangeHRMTest-4] INFO  ActionDriver - Element is displayed: Unable to describe the element
2025-12-26 19:45:49 [TestNG-test-OrangeHRMTest-3] INFO  BaseClass - WebDriver instance is closed
2025-12-26 19:45:49 [TestNG-test-OrangeHRMTest-4] INFO  BaseClass - WebDriver instance is closed
2025-12-26 19:45:50 [TestNG-test-OrangeHRMTest-3] INFO  BaseClass - ChromeDriver Instance is created
2025-12-26 19:45:56 [TestNG-test-OrangeHRMTest-3] INFO  BaseClass - WebDriver Initialized and Browser Maximized
2025-12-26 19:45:56 [TestNG-test-OrangeHRMTest-3] TRACE BaseClass - This is a Trace message
2025-12-26 19:45:56 [TestNG-test-OrangeHRMTest-3] DEBUG BaseClass - This is a Debug message
2025-12-26 19:45:56 [TestNG-test-OrangeHRMTest-3] WARN  BaseClass - This is a Warn message
2025-12-26 19:45:56 [TestNG-test-OrangeHRMTest-3] INFO  ActionDriver - WebDriver instance is created.
2025-12-26 19:45:56 [TestNG-test-OrangeHRMTest-3] INFO  BaseClass - ActionDriver Initialized for Thread: 38
2025-12-26 19:45:56 [TestNG-test-OrangeHRMTest-3] INFO  ActionDriver - Entered text on: Element with name: username-->Admin
2025-12-26 19:45:57 [TestNG-test-OrangeHRMTest-3] INFO  ActionDriver - Entered text on: Element with name: password-->admin123
2025-12-26 19:45:57 [TestNG-test-OrangeHRMTest-3] INFO  ActionDriver - Clicked an element--> Element with text: Login
2025-12-26 19:45:59 [TestNG-test-OrangeHRMTest-3] INFO  ActionDriver - Element is displayed: Element with text: Admin
2025-12-26 19:45:59 [TestNG-test-OrangeHRMTest-3] INFO  ActionDriver - Clicked an element--> Element with text: New user Name New LN
2025-12-26 19:46:03 [TestNG-test-OrangeHRMTest-3] INFO  ActionDriver - Clicked an element--> Element with text: Logout
2025-12-26 19:46:05 [TestNG-test-OrangeHRMTest-3] INFO  BaseClass - WebDriver instance is closed
2025-12-26 19:55:56 [main] INFO  Logger - [TestNG] Running:
  E:\SeleniumFramework\OrangeHRMProject\src\test\resources\testng.xml

2025-12-26 19:55:56 [main] INFO  BaseClass - config.properties loaded
2025-12-26 19:55:58 [TestNG-test-OrangeHRMTest-3] INFO  BaseClass - ChromeDriver Instance is created
2025-12-26 19:55:58 [TestNG-test-OrangeHRMTest-1] INFO  BaseClass - ChromeDriver Instance is created
2025-12-26 19:55:58 [TestNG-test-OrangeHRMTest-5] INFO  BaseClass - ChromeDriver Instance is created
2025-12-26 19:55:58 [TestNG-test-OrangeHRMTest-2] INFO  BaseClass - ChromeDriver Instance is created
2025-12-26 19:56:02 [TestNG-test-OrangeHRMTest-3] INFO  BaseClass - WebDriver Initialized and Browser Maximized
2025-12-26 19:56:02 [TestNG-test-OrangeHRMTest-3] TRACE BaseClass - This is a Trace message
2025-12-26 19:56:02 [TestNG-test-OrangeHRMTest-3] DEBUG BaseClass - This is a Debug message
2025-12-26 19:56:02 [TestNG-test-OrangeHRMTest-3] WARN  BaseClass - This is a Warn message
2025-12-26 19:56:02 [TestNG-test-OrangeHRMTest-3] INFO  ActionDriver - WebDriver instance is created.
2025-12-26 19:56:02 [TestNG-test-OrangeHRMTest-3] INFO  BaseClass - ActionDriver Initialized for Thread: 39
2025-12-26 19:56:02 [TestNG-test-OrangeHRMTest-1] INFO  BaseClass - WebDriver Initialized and Browser Maximized
2025-12-26 19:56:02 [TestNG-test-OrangeHRMTest-1] TRACE BaseClass - This is a Trace message
2025-12-26 19:56:02 [TestNG-test-OrangeHRMTest-1] DEBUG BaseClass - This is a Debug message
2025-12-26 19:56:02 [TestNG-test-OrangeHRMTest-1] WARN  BaseClass - This is a Warn message
2025-12-26 19:56:02 [TestNG-test-OrangeHRMTest-1] INFO  ActionDriver - WebDriver instance is created.
2025-12-26 19:56:02 [TestNG-test-OrangeHRMTest-1] INFO  BaseClass - ActionDriver Initialized for Thread: 37
2025-12-26 19:56:04 [TestNG-test-OrangeHRMTest-4] INFO  BaseClass - ChromeDriver Instance is created
2025-12-26 19:56:05 [TestNG-test-OrangeHRMTest-1] INFO  BaseClass - WebDriver instance is closed
2025-12-26 19:56:05 [TestNG-test-OrangeHRMTest-3] INFO  ActionDriver - Entered text on: Element with name: username-->Admin
2025-12-26 19:56:05 [TestNG-test-OrangeHRMTest-5] INFO  BaseClass - WebDriver Initialized and Browser Maximized
2025-12-26 19:56:05 [TestNG-test-OrangeHRMTest-5] TRACE BaseClass - This is a Trace message
2025-12-26 19:56:05 [TestNG-test-OrangeHRMTest-5] DEBUG BaseClass - This is a Debug message
2025-12-26 19:56:05 [TestNG-test-OrangeHRMTest-5] WARN  BaseClass - This is a Warn message
2025-12-26 19:56:05 [TestNG-test-OrangeHRMTest-5] INFO  ActionDriver - WebDriver instance is created.
2025-12-26 19:56:05 [TestNG-test-OrangeHRMTest-5] INFO  BaseClass - ActionDriver Initialized for Thread: 41
2025-12-26 19:56:05 [TestNG-test-OrangeHRMTest-3] INFO  ActionDriver - Entered text on: Element with name: password-->admin
2025-12-26 19:56:05 [TestNG-test-OrangeHRMTest-5] INFO  ActionDriver - Entered text on: Element with name: username-->admin
2025-12-26 19:56:06 [TestNG-test-OrangeHRMTest-5] INFO  ActionDriver - Entered text on: Element with name: password-->admin123
2025-12-26 19:56:06 [TestNG-test-OrangeHRMTest-5] INFO  ActionDriver - Clicked an element--> Element with text: Login
2025-12-26 19:56:06 [TestNG-test-OrangeHRMTest-2] INFO  BaseClass - WebDriver Initialized and Browser Maximized
2025-12-26 19:56:06 [TestNG-test-OrangeHRMTest-2] TRACE BaseClass - This is a Trace message
2025-12-26 19:56:06 [TestNG-test-OrangeHRMTest-2] DEBUG BaseClass - This is a Debug message
2025-12-26 19:56:06 [TestNG-test-OrangeHRMTest-2] WARN  BaseClass - This is a Warn message
2025-12-26 19:56:06 [TestNG-test-OrangeHRMTest-2] INFO  ActionDriver - WebDriver instance is created.
2025-12-26 19:56:06 [TestNG-test-OrangeHRMTest-2] INFO  BaseClass - ActionDriver Initialized for Thread: 38
2025-12-26 19:56:07 [TestNG-test-OrangeHRMTest-2] INFO  BaseClass - WebDriver instance is closed
2025-12-26 19:56:07 [TestNG-test-OrangeHRMTest-3] INFO  ActionDriver - Clicked an element--> Element with text: Login
2025-12-26 19:56:08 [TestNG-test-OrangeHRMTest-3] INFO  ActionDriver - Texts are Matching: Invalid credentials equals Invalid credentials
2025-12-26 19:56:08 [TestNG-test-OrangeHRMTest-5] INFO  ActionDriver - Element is displayed: Unable to describe the element
2025-12-26 19:56:09 [TestNG-test-OrangeHRMTest-5] INFO  BaseClass - WebDriver instance is closed
2025-12-26 19:56:09 [TestNG-test-OrangeHRMTest-4] INFO  BaseClass - WebDriver Initialized and Browser Maximized
2025-12-26 19:56:09 [TestNG-test-OrangeHRMTest-4] TRACE BaseClass - This is a Trace message
2025-12-26 19:56:09 [TestNG-test-OrangeHRMTest-4] DEBUG BaseClass - This is a Debug message
2025-12-26 19:56:09 [TestNG-test-OrangeHRMTest-4] WARN  BaseClass - This is a Warn message
2025-12-26 19:56:09 [TestNG-test-OrangeHRMTest-4] INFO  ActionDriver - WebDriver instance is created.
2025-12-26 19:56:09 [TestNG-test-OrangeHRMTest-4] INFO  BaseClass - ActionDriver Initialized for Thread: 40
2025-12-26 19:56:10 [TestNG-test-OrangeHRMTest-4] INFO  ActionDriver - Entered text on: Element with name: username-->Admin
2025-12-26 19:56:10 [TestNG-test-OrangeHRMTest-3] INFO  BaseClass - WebDriver instance is closed
2025-12-26 19:56:10 [TestNG-test-OrangeHRMTest-4] INFO  ActionDriver - Entered text on: Element with name: password-->admin123
2025-12-26 19:56:12 [TestNG-test-OrangeHRMTest-4] INFO  ActionDriver - Clicked an element--> Element with text: Login
2025-12-26 19:56:12 [TestNG-test-OrangeHRMTest-4] INFO  ActionDriver - Element is displayed: Element with text: Admin
2025-12-26 19:56:13 [TestNG-test-OrangeHRMTest-4] INFO  ActionDriver - Clicked an element--> Element with text: New user Name New LN
2025-12-26 19:56:16 [TestNG-test-OrangeHRMTest-4] INFO  ActionDriver - Clicked an element--> Element with text: Logout
2025-12-26 19:56:18 [TestNG-test-OrangeHRMTest-4] INFO  BaseClass - WebDriver instance is closed
2025-12-26 19:56:53 [main] INFO  Logger - [TestNG] Running:
  E:\SeleniumFramework\OrangeHRMProject\src\test\resources\testng.xml

2025-12-26 19:56:53 [main] INFO  BaseClass - config.properties loaded
2025-12-26 19:56:56 [TestNG-test-OrangeHRMTest-1] INFO  BaseClass - ChromeDriver Instance is created
2025-12-26 19:56:56 [TestNG-test-OrangeHRMTest-4] INFO  BaseClass - ChromeDriver Instance is created
2025-12-26 19:56:56 [TestNG-test-OrangeHRMTest-2] INFO  BaseClass - ChromeDriver Instance is created
2025-12-26 19:56:56 [TestNG-test-OrangeHRMTest-3] INFO  BaseClass - ChromeDriver Instance is created
2025-12-26 19:57:02 [TestNG-test-OrangeHRMTest-1] INFO  BaseClass - WebDriver Initialized and Browser Maximized
2025-12-26 19:57:02 [TestNG-test-OrangeHRMTest-1] TRACE BaseClass - This is a Trace message
2025-12-26 19:57:02 [TestNG-test-OrangeHRMTest-1] DEBUG BaseClass - This is a Debug message
2025-12-26 19:57:02 [TestNG-test-OrangeHRMTest-1] WARN  BaseClass - This is a Warn message
2025-12-26 19:57:02 [TestNG-test-OrangeHRMTest-1] INFO  ActionDriver - WebDriver instance is created.
2025-12-26 19:57:02 [TestNG-test-OrangeHRMTest-1] INFO  BaseClass - ActionDriver Initialized for Thread: 37
2025-12-26 19:57:03 [TestNG-test-OrangeHRMTest-1] INFO  BaseClass - WebDriver instance is closed
2025-12-26 19:57:03 [TestNG-test-OrangeHRMTest-2] INFO  BaseClass - WebDriver Initialized and Browser Maximized
2025-12-26 19:57:03 [TestNG-test-OrangeHRMTest-2] TRACE BaseClass - This is a Trace message
2025-12-26 19:57:03 [TestNG-test-OrangeHRMTest-2] DEBUG BaseClass - This is a Debug message
2025-12-26 19:57:03 [TestNG-test-OrangeHRMTest-2] WARN  BaseClass - This is a Warn message
2025-12-26 19:57:03 [TestNG-test-OrangeHRMTest-2] INFO  ActionDriver - WebDriver instance is created.
2025-12-26 19:57:03 [TestNG-test-OrangeHRMTest-2] INFO  BaseClass - ActionDriver Initialized for Thread: 38
2025-12-26 19:57:03 [TestNG-test-OrangeHRMTest-2] INFO  BaseClass - WebDriver instance is closed
2025-12-26 19:57:03 [TestNG-test-OrangeHRMTest-4] INFO  BaseClass - WebDriver Initialized and Browser Maximized
2025-12-26 19:57:03 [TestNG-test-OrangeHRMTest-4] TRACE BaseClass - This is a Trace message
2025-12-26 19:57:03 [TestNG-test-OrangeHRMTest-4] DEBUG BaseClass - This is a Debug message
2025-12-26 19:57:03 [TestNG-test-OrangeHRMTest-4] WARN  BaseClass - This is a Warn message
2025-12-26 19:57:03 [TestNG-test-OrangeHRMTest-4] INFO  ActionDriver - WebDriver instance is created.
2025-12-26 19:57:03 [TestNG-test-OrangeHRMTest-4] INFO  BaseClass - ActionDriver Initialized for Thread: 40
2025-12-26 19:57:04 [TestNG-test-OrangeHRMTest-4] INFO  ActionDriver - Entered text on: Element with name: username-->admin
2025-12-26 19:57:04 [TestNG-test-OrangeHRMTest-4] INFO  ActionDriver - Entered text on: Element with name: password-->admin123
2025-12-26 19:57:04 [TestNG-test-OrangeHRMTest-4] INFO  ActionDriver - Clicked an element--> Element with text: Login
2025-12-26 19:57:04 [TestNG-test-OrangeHRMTest-3] INFO  BaseClass - WebDriver Initialized and Browser Maximized
2025-12-26 19:57:04 [TestNG-test-OrangeHRMTest-3] TRACE BaseClass - This is a Trace message
2025-12-26 19:57:04 [TestNG-test-OrangeHRMTest-3] DEBUG BaseClass - This is a Debug message
2025-12-26 19:57:04 [TestNG-test-OrangeHRMTest-3] WARN  BaseClass - This is a Warn message
2025-12-26 19:57:04 [TestNG-test-OrangeHRMTest-3] INFO  ActionDriver - WebDriver instance is created.
2025-12-26 19:57:04 [TestNG-test-OrangeHRMTest-3] INFO  BaseClass - ActionDriver Initialized for Thread: 39
2025-12-26 19:57:05 [TestNG-test-OrangeHRMTest-3] INFO  ActionDriver - Entered text on: Element with name: username-->Admin
2025-12-26 19:57:05 [TestNG-test-OrangeHRMTest-3] INFO  ActionDriver - Entered text on: Element with name: password-->admin
2025-12-26 19:57:05 [TestNG-test-OrangeHRMTest-3] INFO  ActionDriver - Clicked an element--> Element with text: Login
2025-12-26 19:57:06 [TestNG-test-OrangeHRMTest-4] INFO  ActionDriver - Element is displayed: Unable to describe the element
2025-12-26 19:57:06 [TestNG-test-OrangeHRMTest-4] INFO  BaseClass - WebDriver instance is closed
2025-12-26 19:57:07 [TestNG-test-OrangeHRMTest-3] INFO  ActionDriver - Texts are Matching: Invalid credentials equals Invalid credentials
2025-12-26 19:57:07 [TestNG-test-OrangeHRMTest-3] INFO  BaseClass - WebDriver instance is closed
2025-12-26 19:57:08 [TestNG-test-OrangeHRMTest-3] INFO  BaseClass - ChromeDriver Instance is created
2025-12-26 19:57:14 [TestNG-test-OrangeHRMTest-3] INFO  BaseClass - WebDriver Initialized and Browser Maximized
2025-12-26 19:57:14 [TestNG-test-OrangeHRMTest-3] TRACE BaseClass - This is a Trace message
2025-12-26 19:57:14 [TestNG-test-OrangeHRMTest-3] DEBUG BaseClass - This is a Debug message
2025-12-26 19:57:14 [TestNG-test-OrangeHRMTest-3] WARN  BaseClass - This is a Warn message
2025-12-26 19:57:14 [TestNG-test-OrangeHRMTest-3] INFO  ActionDriver - WebDriver instance is created.
2025-12-26 19:57:14 [TestNG-test-OrangeHRMTest-3] INFO  BaseClass - ActionDriver Initialized for Thread: 39
2025-12-26 19:57:15 [TestNG-test-OrangeHRMTest-3] INFO  ActionDriver - Entered text on: Element with name: username-->Admin
2025-12-26 19:57:15 [TestNG-test-OrangeHRMTest-3] INFO  ActionDriver - Entered text on: Element with name: password-->admin123
2025-12-26 19:57:15 [TestNG-test-OrangeHRMTest-3] INFO  ActionDriver - Clicked an element--> Element with text: Login
2025-12-26 19:57:17 [TestNG-test-OrangeHRMTest-3] INFO  ActionDriver - Element is displayed: Element with text: Admin
2025-12-26 19:57:17 [TestNG-test-OrangeHRMTest-3] INFO  ActionDriver - Clicked an element--> Element with text: New user Name New LN
2025-12-26 19:57:20 [TestNG-test-OrangeHRMTest-3] INFO  ActionDriver - Clicked an element--> Element with text: Logout
2025-12-26 19:57:22 [TestNG-test-OrangeHRMTest-3] INFO  BaseClass - WebDriver instance is closed
2025-12-26 19:58:09 [main] INFO  Logger - [TestNG] Running:
  E:\SeleniumFramework\OrangeHRMProject\src\test\resources\testng.xml

2025-12-26 19:58:09 [main] INFO  BaseClass - config.properties loaded
2025-12-26 19:58:11 [TestNG-tests-1] INFO  BaseClass - ChromeDriver Instance is created
2025-12-26 19:58:11 [TestNG-tests-2] INFO  BaseClass - ChromeDriver Instance is created
2025-12-26 19:58:17 [TestNG-tests-2] INFO  BaseClass - WebDriver Initialized and Browser Maximized
2025-12-26 19:58:17 [TestNG-tests-2] TRACE BaseClass - This is a Trace message
2025-12-26 19:58:17 [TestNG-tests-2] DEBUG BaseClass - This is a Debug message
2025-12-26 19:58:17 [TestNG-tests-2] WARN  BaseClass - This is a Warn message
2025-12-26 19:58:17 [TestNG-tests-2] INFO  ActionDriver - WebDriver instance is created.
2025-12-26 19:58:17 [TestNG-tests-2] INFO  BaseClass - ActionDriver Initialized for Thread: 39
2025-12-26 19:58:17 [TestNG-tests-1] INFO  BaseClass - WebDriver Initialized and Browser Maximized
2025-12-26 19:58:17 [TestNG-tests-1] TRACE BaseClass - This is a Trace message
2025-12-26 19:58:17 [TestNG-tests-1] DEBUG BaseClass - This is a Debug message
2025-12-26 19:58:17 [TestNG-tests-1] WARN  BaseClass - This is a Warn message
2025-12-26 19:58:17 [TestNG-tests-1] INFO  ActionDriver - WebDriver instance is created.
2025-12-26 19:58:17 [TestNG-tests-1] INFO  BaseClass - ActionDriver Initialized for Thread: 38
2025-12-26 19:58:17 [TestNG-tests-2] INFO  BaseClass - WebDriver instance is closed
2025-12-26 19:58:17 [TestNG-tests-1] INFO  BaseClass - WebDriver instance is closed
2025-12-26 19:58:18 [TestNG-tests-1] INFO  BaseClass - ChromeDriver Instance is created
2025-12-26 19:58:18 [TestNG-tests-2] INFO  BaseClass - ChromeDriver Instance is created
2025-12-26 19:58:25 [TestNG-tests-2] INFO  BaseClass - WebDriver Initialized and Browser Maximized
2025-12-26 19:58:25 [TestNG-tests-2] TRACE BaseClass - This is a Trace message
2025-12-26 19:58:25 [TestNG-tests-2] DEBUG BaseClass - This is a Debug message
2025-12-26 19:58:25 [TestNG-tests-2] WARN  BaseClass - This is a Warn message
2025-12-26 19:58:25 [TestNG-tests-2] INFO  ActionDriver - WebDriver instance is created.
2025-12-26 19:58:25 [TestNG-tests-2] INFO  BaseClass - ActionDriver Initialized for Thread: 39
2025-12-26 19:58:25 [TestNG-tests-1] INFO  BaseClass - WebDriver Initialized and Browser Maximized
2025-12-26 19:58:25 [TestNG-tests-1] TRACE BaseClass - This is a Trace message
2025-12-26 19:58:25 [TestNG-tests-1] DEBUG BaseClass - This is a Debug message
2025-12-26 19:58:25 [TestNG-tests-1] WARN  BaseClass - This is a Warn message
2025-12-26 19:58:25 [TestNG-tests-1] INFO  ActionDriver - WebDriver instance is created.
2025-12-26 19:58:25 [TestNG-tests-1] INFO  BaseClass - ActionDriver Initialized for Thread: 38
2025-12-26 19:58:25 [TestNG-tests-1] INFO  BaseClass - WebDriver instance is closed
2025-12-26 19:58:25 [TestNG-tests-2] INFO  BaseClass - WebDriver instance is closed
2025-12-26 19:58:27 [TestNG-tests-2] INFO  BaseClass - ChromeDriver Instance is created
2025-12-26 19:58:27 [TestNG-tests-1] INFO  BaseClass - ChromeDriver Instance is created
2025-12-26 19:58:33 [TestNG-tests-2] INFO  BaseClass - WebDriver Initialized and Browser Maximized
2025-12-26 19:58:33 [TestNG-tests-2] TRACE BaseClass - This is a Trace message
2025-12-26 19:58:33 [TestNG-tests-2] DEBUG BaseClass - This is a Debug message
2025-12-26 19:58:33 [TestNG-tests-2] WARN  BaseClass - This is a Warn message
2025-12-26 19:58:33 [TestNG-tests-2] INFO  ActionDriver - WebDriver instance is created.
2025-12-26 19:58:33 [TestNG-tests-2] INFO  BaseClass - ActionDriver Initialized for Thread: 39
2025-12-26 19:58:33 [TestNG-tests-1] INFO  BaseClass - WebDriver Initialized and Browser Maximized
2025-12-26 19:58:33 [TestNG-tests-1] TRACE BaseClass - This is a Trace message
2025-12-26 19:58:33 [TestNG-tests-1] DEBUG BaseClass - This is a Debug message
2025-12-26 19:58:33 [TestNG-tests-1] WARN  BaseClass - This is a Warn message
2025-12-26 19:58:33 [TestNG-tests-1] INFO  ActionDriver - WebDriver instance is created.
2025-12-26 19:58:33 [TestNG-tests-1] INFO  BaseClass - ActionDriver Initialized for Thread: 38
2025-12-26 19:58:33 [TestNG-tests-2] INFO  ActionDriver - Entered text on: Element with name: username-->Admin
2025-12-26 19:58:33 [TestNG-tests-1] INFO  ActionDriver - Entered text on: Element with name: username-->Admin
2025-12-26 19:58:33 [TestNG-tests-2] INFO  ActionDriver - Entered text on: Element with name: password-->admin
2025-12-26 19:58:33 [TestNG-tests-1] INFO  ActionDriver - Entered text on: Element with name: password-->admin
2025-12-26 19:58:33 [TestNG-tests-2] INFO  ActionDriver - Clicked an element--> Element with text: Login
2025-12-26 19:58:35 [TestNG-tests-1] INFO  ActionDriver - Clicked an element--> Element with text: Login
2025-12-26 19:58:35 [TestNG-tests-2] INFO  ActionDriver - Texts are Matching: Invalid credentials equals Invalid credentials
2025-12-26 19:58:36 [TestNG-tests-1] INFO  ActionDriver - Texts are Matching: Invalid credentials equals Invalid credentials
2025-12-26 19:58:36 [TestNG-tests-2] INFO  BaseClass - WebDriver instance is closed
2025-12-26 19:58:36 [TestNG-tests-1] INFO  BaseClass - WebDriver instance is closed
2025-12-26 19:58:37 [TestNG-tests-2] INFO  BaseClass - ChromeDriver Instance is created
2025-12-26 19:58:37 [TestNG-tests-1] INFO  BaseClass - ChromeDriver Instance is created
2025-12-26 19:58:43 [TestNG-tests-2] INFO  BaseClass - WebDriver Initialized and Browser Maximized
2025-12-26 19:58:43 [TestNG-tests-2] TRACE BaseClass - This is a Trace message
2025-12-26 19:58:43 [TestNG-tests-2] DEBUG BaseClass - This is a Debug message
2025-12-26 19:58:43 [TestNG-tests-2] WARN  BaseClass - This is a Warn message
2025-12-26 19:58:43 [TestNG-tests-2] INFO  ActionDriver - WebDriver instance is created.
2025-12-26 19:58:43 [TestNG-tests-2] INFO  BaseClass - ActionDriver Initialized for Thread: 39
2025-12-26 19:58:43 [TestNG-tests-2] INFO  ActionDriver - Entered text on: Element with name: username-->Admin
2025-12-26 19:58:44 [TestNG-tests-2] INFO  ActionDriver - Entered text on: Element with name: password-->admin123
2025-12-26 19:58:44 [TestNG-tests-1] INFO  BaseClass - WebDriver Initialized and Browser Maximized
2025-12-26 19:58:44 [TestNG-tests-1] TRACE BaseClass - This is a Trace message
2025-12-26 19:58:44 [TestNG-tests-1] DEBUG BaseClass - This is a Debug message
2025-12-26 19:58:44 [TestNG-tests-1] WARN  BaseClass - This is a Warn message
2025-12-26 19:58:44 [TestNG-tests-1] INFO  ActionDriver - WebDriver instance is created.
2025-12-26 19:58:44 [TestNG-tests-1] INFO  BaseClass - ActionDriver Initialized for Thread: 38
2025-12-26 19:58:44 [TestNG-tests-1] INFO  ActionDriver - Entered text on: Element with name: username-->Admin
2025-12-26 19:58:45 [TestNG-tests-1] INFO  ActionDriver - Entered text on: Element with name: password-->admin123
2025-12-26 19:58:45 [TestNG-tests-1] INFO  ActionDriver - Clicked an element--> Element with text: Login
2025-12-26 19:58:46 [TestNG-tests-2] INFO  ActionDriver - Clicked an element--> Element with text: Login
2025-12-26 19:58:47 [TestNG-tests-2] INFO  ActionDriver - Element is displayed: Element with text: Admin
2025-12-26 19:58:47 [TestNG-tests-2] INFO  ActionDriver - Clicked an element--> Element with text: New user Name New LN
2025-12-26 19:58:48 [TestNG-tests-1] INFO  ActionDriver - Element is displayed: Element with text: Admin
2025-12-26 19:58:48 [TestNG-tests-1] INFO  ActionDriver - Clicked an element--> Element with text: New user Name New LN
2025-12-26 19:58:53 [TestNG-tests-1] INFO  ActionDriver - Clicked an element--> Element with text: Logout
2025-12-26 19:58:54 [TestNG-tests-2] INFO  ActionDriver - Clicked an element--> Element with text: Logout
2025-12-26 19:58:55 [TestNG-tests-1] INFO  BaseClass - WebDriver instance is closed
2025-12-26 19:58:56 [TestNG-tests-1] INFO  BaseClass - ChromeDriver Instance is created
2025-12-26 19:58:56 [TestNG-tests-2] INFO  BaseClass - WebDriver instance is closed
2025-12-26 19:58:57 [TestNG-tests-2] INFO  BaseClass - ChromeDriver Instance is created
2025-12-26 19:59:02 [TestNG-tests-1] INFO  BaseClass - WebDriver Initialized and Browser Maximized
2025-12-26 19:59:02 [TestNG-tests-1] TRACE BaseClass - This is a Trace message
2025-12-26 19:59:02 [TestNG-tests-1] DEBUG BaseClass - This is a Debug message
2025-12-26 19:59:02 [TestNG-tests-1] WARN  BaseClass - This is a Warn message
2025-12-26 19:59:02 [TestNG-tests-1] INFO  ActionDriver - WebDriver instance is created.
2025-12-26 19:59:02 [TestNG-tests-1] INFO  BaseClass - ActionDriver Initialized for Thread: 38
2025-12-26 19:59:02 [TestNG-tests-1] INFO  ActionDriver - Entered text on: Element with name: username-->admin
2025-12-26 19:59:03 [TestNG-tests-1] INFO  ActionDriver - Entered text on: Element with name: password-->admin123
2025-12-26 19:59:03 [TestNG-tests-2] INFO  BaseClass - WebDriver Initialized and Browser Maximized
2025-12-26 19:59:03 [TestNG-tests-2] TRACE BaseClass - This is a Trace message
2025-12-26 19:59:03 [TestNG-tests-2] DEBUG BaseClass - This is a Debug message
2025-12-26 19:59:03 [TestNG-tests-2] WARN  BaseClass - This is a Warn message
2025-12-26 19:59:03 [TestNG-tests-2] INFO  ActionDriver - WebDriver instance is created.
2025-12-26 19:59:03 [TestNG-tests-2] INFO  BaseClass - ActionDriver Initialized for Thread: 39
2025-12-26 19:59:03 [TestNG-tests-2] INFO  ActionDriver - Entered text on: Element with name: username-->admin
2025-12-26 19:59:04 [TestNG-tests-2] INFO  ActionDriver - Entered text on: Element with name: password-->admin123
2025-12-26 19:59:04 [TestNG-tests-1] INFO  ActionDriver - Clicked an element--> Element with text: Login
2025-12-26 19:59:05 [TestNG-tests-1] INFO  ActionDriver - Element is displayed: Unable to describe the element
2025-12-26 19:59:05 [TestNG-tests-2] INFO  ActionDriver - Clicked an element--> Element with text: Login
2025-12-26 19:59:05 [TestNG-tests-1] INFO  BaseClass - WebDriver instance is closed
2025-12-26 19:59:06 [TestNG-tests-2] INFO  ActionDriver - Element is displayed: Unable to describe the element
2025-12-26 19:59:06 [TestNG-tests-2] INFO  BaseClass - WebDriver instance is closed
2025-12-26 19:59:28 [main] INFO  Logger - [TestNG] Running:
  E:\SeleniumFramework\OrangeHRMProject\src\test\resources\testng.xml

2025-12-26 19:59:28 [main] INFO  BaseClass - config.properties loaded
2025-12-26 19:59:29 [TestNG-tests-1] INFO  BaseClass - ChromeDriver Instance is created
2025-12-26 19:59:36 [TestNG-tests-1] INFO  BaseClass - WebDriver Initialized and Browser Maximized
2025-12-26 19:59:36 [TestNG-tests-1] TRACE BaseClass - This is a Trace message
2025-12-26 19:59:36 [TestNG-tests-1] DEBUG BaseClass - This is a Debug message
2025-12-26 19:59:36 [TestNG-tests-1] WARN  BaseClass - This is a Warn message
2025-12-26 19:59:36 [TestNG-tests-1] INFO  ActionDriver - WebDriver instance is created.
2025-12-26 19:59:36 [TestNG-tests-1] INFO  BaseClass - ActionDriver Initialized for Thread: 36
2025-12-26 19:59:37 [TestNG-tests-1] INFO  BaseClass - WebDriver instance is closed
2025-12-26 19:59:38 [TestNG-tests-1] INFO  BaseClass - ChromeDriver Instance is created
2025-12-26 19:59:44 [TestNG-tests-1] INFO  BaseClass - WebDriver Initialized and Browser Maximized
2025-12-26 19:59:44 [TestNG-tests-1] TRACE BaseClass - This is a Trace message
2025-12-26 19:59:44 [TestNG-tests-1] DEBUG BaseClass - This is a Debug message
2025-12-26 19:59:44 [TestNG-tests-1] WARN  BaseClass - This is a Warn message
2025-12-26 19:59:44 [TestNG-tests-1] INFO  ActionDriver - WebDriver instance is created.
2025-12-26 19:59:44 [TestNG-tests-1] INFO  BaseClass - ActionDriver Initialized for Thread: 36
2025-12-26 19:59:44 [TestNG-tests-1] INFO  BaseClass - WebDriver instance is closed
2025-12-26 19:59:45 [TestNG-tests-1] INFO  BaseClass - ChromeDriver Instance is created
2025-12-26 19:59:51 [TestNG-tests-1] INFO  BaseClass - WebDriver Initialized and Browser Maximized
2025-12-26 19:59:51 [TestNG-tests-1] TRACE BaseClass - This is a Trace message
2025-12-26 19:59:51 [TestNG-tests-1] DEBUG BaseClass - This is a Debug message
2025-12-26 19:59:51 [TestNG-tests-1] WARN  BaseClass - This is a Warn message
2025-12-26 19:59:51 [TestNG-tests-1] INFO  ActionDriver - WebDriver instance is created.
2025-12-26 19:59:51 [TestNG-tests-1] INFO  BaseClass - ActionDriver Initialized for Thread: 36
2025-12-26 19:59:51 [TestNG-tests-1] INFO  ActionDriver - Entered text on: Element with name: username-->Admin
2025-12-26 19:59:51 [TestNG-tests-1] INFO  ActionDriver - Entered text on: Element with name: password-->admin
2025-12-26 19:59:52 [TestNG-tests-1] INFO  ActionDriver - Clicked an element--> Element with text: Login
2025-12-26 19:59:54 [TestNG-tests-1] INFO  ActionDriver - Texts are Matching: Invalid credentials equals Invalid credentials
2025-12-26 19:59:54 [TestNG-tests-1] INFO  BaseClass - WebDriver instance is closed
2025-12-26 19:59:54 [TestNG-tests-1] INFO  BaseClass - ChromeDriver Instance is created
2025-12-26 20:00:01 [TestNG-tests-1] INFO  BaseClass - WebDriver Initialized and Browser Maximized
2025-12-26 20:00:01 [TestNG-tests-1] TRACE BaseClass - This is a Trace message
2025-12-26 20:00:01 [TestNG-tests-1] DEBUG BaseClass - This is a Debug message
2025-12-26 20:00:01 [TestNG-tests-1] WARN  BaseClass - This is a Warn message
2025-12-26 20:00:01 [TestNG-tests-1] INFO  ActionDriver - WebDriver instance is created.
2025-12-26 20:00:01 [TestNG-tests-1] INFO  BaseClass - ActionDriver Initialized for Thread: 36
2025-12-26 20:00:02 [TestNG-tests-1] INFO  ActionDriver - Entered text on: Element with name: username-->Admin
2025-12-26 20:00:02 [TestNG-tests-1] INFO  ActionDriver - Entered text on: Element with name: password-->admin123
2025-12-26 20:00:02 [TestNG-tests-1] INFO  ActionDriver - Clicked an element--> Element with text: Login
2025-12-26 20:00:04 [TestNG-tests-1] INFO  ActionDriver - Element is displayed: Element with text: Admin
2025-12-26 20:00:05 [TestNG-tests-1] INFO  ActionDriver - Clicked an element--> Element with text: New user Name New LN
2025-12-26 20:00:07 [TestNG-tests-1] INFO  ActionDriver - Clicked an element--> Element with text: Logout
2025-12-26 20:00:10 [TestNG-tests-1] INFO  BaseClass - WebDriver instance is closed
2025-12-26 20:00:10 [TestNG-tests-1] INFO  BaseClass - ChromeDriver Instance is created
2025-12-26 20:00:17 [TestNG-tests-1] INFO  BaseClass - WebDriver Initialized and Browser Maximized
2025-12-26 20:00:17 [TestNG-tests-1] TRACE BaseClass - This is a Trace message
2025-12-26 20:00:17 [TestNG-tests-1] DEBUG BaseClass - This is a Debug message
2025-12-26 20:00:17 [TestNG-tests-1] WARN  BaseClass - This is a Warn message
2025-12-26 20:00:17 [TestNG-tests-1] INFO  ActionDriver - WebDriver instance is created.
2025-12-26 20:00:17 [TestNG-tests-1] INFO  BaseClass - ActionDriver Initialized for Thread: 36
2025-12-26 20:00:18 [TestNG-tests-1] INFO  ActionDriver - Entered text on: Element with name: username-->admin
2025-12-26 20:00:18 [TestNG-tests-1] INFO  ActionDriver - Entered text on: Element with name: password-->admin123
2025-12-26 20:00:18 [TestNG-tests-1] INFO  ActionDriver - Clicked an element--> Element with text: Login
2025-12-26 20:00:20 [TestNG-tests-1] INFO  ActionDriver - Element is displayed: Unable to describe the element
2025-12-26 20:00:20 [TestNG-tests-1] INFO  BaseClass - WebDriver instance is closed
2025-12-27 13:20:31 [main] INFO  Logger - [TestNG] Running:
  E:\SeleniumFramework\OrangeHRMProject\src\test\resources\testng.xml

2025-12-27 13:20:31 [main] INFO  BaseClass - config.properties loaded
2025-12-27 13:21:26 [TestNG-test-OrangeHRMTest-1] INFO  BaseClass - FirefoxDriver Instance is created
2025-12-27 13:21:26 [TestNG-test-OrangeHRMTest-2] INFO  BaseClass - FirefoxDriver Instance is created
2025-12-27 13:21:31 [TestNG-test-OrangeHRMTest-3] INFO  BaseClass - FirefoxDriver Instance is created
2025-12-27 13:21:33 [TestNG-test-OrangeHRMTest-1] INFO  BaseClass - WebDriver Initialized and Browser Maximized
2025-12-27 13:21:33 [TestNG-test-OrangeHRMTest-1] TRACE BaseClass - This is a Trace message
2025-12-27 13:21:33 [TestNG-test-OrangeHRMTest-1] DEBUG BaseClass - This is a Debug message
2025-12-27 13:21:33 [TestNG-test-OrangeHRMTest-1] WARN  BaseClass - This is a Warn message
2025-12-27 13:21:33 [TestNG-test-OrangeHRMTest-1] INFO  ActionDriver - WebDriver instance is created.
2025-12-27 13:21:33 [TestNG-test-OrangeHRMTest-1] INFO  BaseClass - ActionDriver Initialized for Thread: 36
2025-12-27 13:21:34 [TestNG-test-OrangeHRMTest-5] INFO  BaseClass - FirefoxDriver Instance is created
2025-12-27 13:21:35 [TestNG-test-OrangeHRMTest-2] INFO  BaseClass - WebDriver Initialized and Browser Maximized
2025-12-27 13:21:35 [TestNG-test-OrangeHRMTest-2] TRACE BaseClass - This is a Trace message
2025-12-27 13:21:35 [TestNG-test-OrangeHRMTest-2] DEBUG BaseClass - This is a Debug message
2025-12-27 13:21:35 [TestNG-test-OrangeHRMTest-2] WARN  BaseClass - This is a Warn message
2025-12-27 13:21:36 [TestNG-test-OrangeHRMTest-2] INFO  ActionDriver - WebDriver instance is created.
2025-12-27 13:21:36 [TestNG-test-OrangeHRMTest-2] INFO  BaseClass - ActionDriver Initialized for Thread: 37
2025-12-27 13:21:39 [TestNG-test-OrangeHRMTest-1] INFO  BaseClass - WebDriver instance is closed
2025-12-27 13:21:39 [TestNG-test-OrangeHRMTest-3] INFO  BaseClass - WebDriver Initialized and Browser Maximized
2025-12-27 13:21:39 [TestNG-test-OrangeHRMTest-3] TRACE BaseClass - This is a Trace message
2025-12-27 13:21:39 [TestNG-test-OrangeHRMTest-3] DEBUG BaseClass - This is a Debug message
2025-12-27 13:21:39 [TestNG-test-OrangeHRMTest-3] WARN  BaseClass - This is a Warn message
2025-12-27 13:21:39 [TestNG-test-OrangeHRMTest-3] INFO  ActionDriver - WebDriver instance is created.
2025-12-27 13:21:39 [TestNG-test-OrangeHRMTest-3] INFO  BaseClass - ActionDriver Initialized for Thread: 38
2025-12-27 13:21:40 [TestNG-test-OrangeHRMTest-3] INFO  ActionDriver - Entered text on: Element with name: username-->Admin
2025-12-27 13:21:41 [TestNG-test-OrangeHRMTest-3] INFO  ActionDriver - Entered text on: Element with name: password-->admin
2025-12-27 13:21:41 [TestNG-test-OrangeHRMTest-5] INFO  BaseClass - WebDriver Initialized and Browser Maximized
2025-12-27 13:21:41 [TestNG-test-OrangeHRMTest-5] TRACE BaseClass - This is a Trace message
2025-12-27 13:21:41 [TestNG-test-OrangeHRMTest-5] DEBUG BaseClass - This is a Debug message
2025-12-27 13:21:41 [TestNG-test-OrangeHRMTest-5] WARN  BaseClass - This is a Warn message
2025-12-27 13:21:41 [TestNG-test-OrangeHRMTest-5] INFO  ActionDriver - WebDriver instance is created.
2025-12-27 13:21:41 [TestNG-test-OrangeHRMTest-5] INFO  BaseClass - ActionDriver Initialized for Thread: 40
2025-12-27 13:21:41 [TestNG-test-OrangeHRMTest-5] INFO  ActionDriver - Entered text on: Element with name: username-->admin
2025-12-27 13:21:41 [TestNG-test-OrangeHRMTest-2] INFO  BaseClass - WebDriver instance is closed
2025-12-27 13:21:41 [TestNG-test-OrangeHRMTest-5] INFO  ActionDriver - Entered text on: Element with name: password-->admin123
2025-12-27 13:21:43 [TestNG-test-OrangeHRMTest-3] INFO  ActionDriver - Clicked an element--> Element with text: Login
2025-12-27 13:21:43 [TestNG-test-OrangeHRMTest-3] INFO  ActionDriver - Texts are Matching: Invalid credentials equals Invalid credentials
2025-12-27 13:21:43 [TestNG-test-OrangeHRMTest-5] INFO  ActionDriver - Clicked an element--> Element with text: Login
2025-12-27 13:21:44 [TestNG-test-OrangeHRMTest-4] INFO  BaseClass - FirefoxDriver Instance is created
2025-12-27 13:21:45 [TestNG-test-OrangeHRMTest-5] INFO  ActionDriver - Element is displayed: Unable to describe the element
2025-12-27 13:21:48 [TestNG-test-OrangeHRMTest-5] INFO  BaseClass - WebDriver instance is closed
2025-12-27 13:21:50 [TestNG-test-OrangeHRMTest-4] INFO  BaseClass - WebDriver Initialized and Browser Maximized
2025-12-27 13:21:50 [TestNG-test-OrangeHRMTest-4] TRACE BaseClass - This is a Trace message
2025-12-27 13:21:50 [TestNG-test-OrangeHRMTest-4] DEBUG BaseClass - This is a Debug message
2025-12-27 13:21:50 [TestNG-test-OrangeHRMTest-4] WARN  BaseClass - This is a Warn message
2025-12-27 13:21:50 [TestNG-test-OrangeHRMTest-4] INFO  ActionDriver - WebDriver instance is created.
2025-12-27 13:21:50 [TestNG-test-OrangeHRMTest-4] INFO  BaseClass - ActionDriver Initialized for Thread: 39
2025-12-27 13:21:50 [TestNG-test-OrangeHRMTest-4] INFO  ActionDriver - Entered text on: Element with name: username-->Admin
2025-12-27 13:21:51 [TestNG-test-OrangeHRMTest-4] INFO  ActionDriver - Entered text on: Element with name: password-->admin123
2025-12-27 13:21:52 [TestNG-test-OrangeHRMTest-4] INFO  ActionDriver - Clicked an element--> Element with text: Login
2025-12-27 13:21:53 [TestNG-test-OrangeHRMTest-4] INFO  ActionDriver - Element is displayed: Element with text: Admin
2025-12-27 13:21:53 [TestNG-test-OrangeHRMTest-4] INFO  ActionDriver - Clicked an element--> Element with text: manda user
2025-12-27 13:21:54 [TestNG-test-OrangeHRMTest-3] INFO  BaseClass - WebDriver instance is closed
2025-12-27 13:21:55 [TestNG-test-OrangeHRMTest-4] INFO  ActionDriver - Clicked an element--> Element with class name: oxd-userdropdown-link
2025-12-27 13:22:00 [TestNG-test-OrangeHRMTest-4] INFO  BaseClass - WebDriver instance is closed
2025-12-27 13:22:56 [main] INFO  Logger - [TestNG] Running:
  E:\SeleniumFramework\OrangeHRMProject\src\test\resources\testng.xml

2025-12-27 13:22:56 [main] INFO  BaseClass - config.properties loaded
2025-12-27 13:23:04 [TestNG-test-OrangeHRMTest-2] INFO  BaseClass - EdgeDriver Instance is created
2025-12-27 13:23:04 [TestNG-test-OrangeHRMTest-1] INFO  BaseClass - EdgeDriver Instance is created
2025-12-27 13:23:04 [TestNG-test-OrangeHRMTest-5] INFO  BaseClass - EdgeDriver Instance is created
2025-12-27 13:23:04 [TestNG-test-OrangeHRMTest-4] INFO  BaseClass - EdgeDriver Instance is created
2025-12-27 13:23:09 [TestNG-test-OrangeHRMTest-4] INFO  BaseClass - WebDriver Initialized and Browser Maximized
2025-12-27 13:23:09 [TestNG-test-OrangeHRMTest-4] TRACE BaseClass - This is a Trace message
2025-12-27 13:23:09 [TestNG-test-OrangeHRMTest-4] DEBUG BaseClass - This is a Debug message
2025-12-27 13:23:09 [TestNG-test-OrangeHRMTest-4] WARN  BaseClass - This is a Warn message
2025-12-27 13:23:09 [TestNG-test-OrangeHRMTest-4] INFO  ActionDriver - WebDriver instance is created.
2025-12-27 13:23:09 [TestNG-test-OrangeHRMTest-4] INFO  BaseClass - ActionDriver Initialized for Thread: 40
2025-12-27 13:23:10 [TestNG-test-OrangeHRMTest-5] INFO  BaseClass - WebDriver Initialized and Browser Maximized
2025-12-27 13:23:10 [TestNG-test-OrangeHRMTest-5] TRACE BaseClass - This is a Trace message
2025-12-27 13:23:10 [TestNG-test-OrangeHRMTest-5] DEBUG BaseClass - This is a Debug message
2025-12-27 13:23:10 [TestNG-test-OrangeHRMTest-5] WARN  BaseClass - This is a Warn message
2025-12-27 13:23:10 [TestNG-test-OrangeHRMTest-5] INFO  ActionDriver - WebDriver instance is created.
2025-12-27 13:23:10 [TestNG-test-OrangeHRMTest-5] INFO  BaseClass - ActionDriver Initialized for Thread: 41
2025-12-27 13:23:10 [TestNG-test-OrangeHRMTest-4] INFO  ActionDriver - Entered text on: Element with name: username-->Admin
2025-12-27 13:23:10 [TestNG-test-OrangeHRMTest-2] INFO  BaseClass - WebDriver Initialized and Browser Maximized
2025-12-27 13:23:10 [TestNG-test-OrangeHRMTest-2] TRACE BaseClass - This is a Trace message
2025-12-27 13:23:10 [TestNG-test-OrangeHRMTest-2] DEBUG BaseClass - This is a Debug message
2025-12-27 13:23:10 [TestNG-test-OrangeHRMTest-2] WARN  BaseClass - This is a Warn message
2025-12-27 13:23:10 [TestNG-test-OrangeHRMTest-2] INFO  ActionDriver - WebDriver instance is created.
2025-12-27 13:23:10 [TestNG-test-OrangeHRMTest-2] INFO  BaseClass - ActionDriver Initialized for Thread: 38
2025-12-27 13:23:10 [TestNG-test-OrangeHRMTest-1] INFO  BaseClass - WebDriver Initialized and Browser Maximized
2025-12-27 13:23:10 [TestNG-test-OrangeHRMTest-1] TRACE BaseClass - This is a Trace message
2025-12-27 13:23:10 [TestNG-test-OrangeHRMTest-1] DEBUG BaseClass - This is a Debug message
2025-12-27 13:23:10 [TestNG-test-OrangeHRMTest-1] WARN  BaseClass - This is a Warn message
2025-12-27 13:23:10 [TestNG-test-OrangeHRMTest-1] INFO  ActionDriver - WebDriver instance is created.
2025-12-27 13:23:10 [TestNG-test-OrangeHRMTest-1] INFO  BaseClass - ActionDriver Initialized for Thread: 37
2025-12-27 13:23:11 [TestNG-test-OrangeHRMTest-3] INFO  BaseClass - EdgeDriver Instance is created
2025-12-27 13:23:11 [TestNG-test-OrangeHRMTest-5] INFO  ActionDriver - Entered text on: Element with name: username-->admin
2025-12-27 13:23:11 [TestNG-test-OrangeHRMTest-4] INFO  ActionDriver - Entered text on: Element with name: password-->admin123
2025-12-27 13:23:12 [TestNG-test-OrangeHRMTest-1] INFO  BaseClass - WebDriver instance is closed
2025-12-27 13:23:12 [TestNG-test-OrangeHRMTest-2] INFO  BaseClass - WebDriver instance is closed
2025-12-27 13:23:12 [TestNG-test-OrangeHRMTest-5] INFO  ActionDriver - Entered text on: Element with name: password-->admin123
2025-12-27 13:23:13 [TestNG-test-OrangeHRMTest-4] INFO  ActionDriver - Clicked an element--> Element with text: Login
2025-12-27 13:23:14 [TestNG-test-OrangeHRMTest-5] INFO  ActionDriver - Clicked an element--> Element with text: Login
2025-12-27 13:23:15 [TestNG-test-OrangeHRMTest-4] INFO  ActionDriver - Element is displayed: Element with text: Admin
2025-12-27 13:23:16 [TestNG-test-OrangeHRMTest-3] INFO  BaseClass - WebDriver Initialized and Browser Maximized
2025-12-27 13:23:16 [TestNG-test-OrangeHRMTest-3] TRACE BaseClass - This is a Trace message
2025-12-27 13:23:16 [TestNG-test-OrangeHRMTest-3] DEBUG BaseClass - This is a Debug message
2025-12-27 13:23:16 [TestNG-test-OrangeHRMTest-3] WARN  BaseClass - This is a Warn message
2025-12-27 13:23:16 [TestNG-test-OrangeHRMTest-3] INFO  ActionDriver - WebDriver instance is created.
2025-12-27 13:23:16 [TestNG-test-OrangeHRMTest-3] INFO  BaseClass - ActionDriver Initialized for Thread: 39
2025-12-27 13:23:16 [TestNG-test-OrangeHRMTest-5] INFO  ActionDriver - Element is displayed: Unable to describe the element
2025-12-27 13:23:17 [TestNG-test-OrangeHRMTest-3] INFO  ActionDriver - Entered text on: Element with name: username-->Admin
2025-12-27 13:23:17 [TestNG-test-OrangeHRMTest-4] INFO  ActionDriver - Clicked an element--> Element with text: manda user
2025-12-27 13:23:17 [TestNG-test-OrangeHRMTest-3] INFO  ActionDriver - Entered text on: Element with name: password-->admin
2025-12-27 13:23:17 [TestNG-test-OrangeHRMTest-5] INFO  BaseClass - WebDriver instance is closed
2025-12-27 13:23:18 [TestNG-test-OrangeHRMTest-4] INFO  ActionDriver - Clicked an element--> Element with text: Logout
2025-12-27 13:23:19 [TestNG-test-OrangeHRMTest-3] INFO  ActionDriver - Clicked an element--> Element with text: Login
2025-12-27 13:23:20 [TestNG-test-OrangeHRMTest-3] INFO  ActionDriver - Texts are Matching: Invalid credentials equals Invalid credentials
2025-12-27 13:23:20 [TestNG-test-OrangeHRMTest-3] INFO  BaseClass - WebDriver instance is closed
2025-12-27 13:23:21 [TestNG-test-OrangeHRMTest-4] INFO  BaseClass - WebDriver instance is closed
2025-12-28 00:08:54 [main] INFO  Logger - [TestNG] Running:
  E:\SeleniumFramework\OrangeHRMProject\src\test\resources\testng.xml

2025-12-28 00:08:54 [main] INFO  BaseClass - config.properties loaded
2025-12-28 00:09:00 [TestNG-test-OrangeHRMTest-2] INFO  BaseClass - ChromeDriver Instance is created
2025-12-28 00:09:00 [TestNG-test-OrangeHRMTest-1] INFO  BaseClass - ChromeDriver Instance is created
2025-12-28 00:09:00 [TestNG-test-OrangeHRMTest-4] INFO  BaseClass - ChromeDriver Instance is created
2025-12-28 00:09:00 [TestNG-test-OrangeHRMTest-3] INFO  BaseClass - ChromeDriver Instance is created
2025-12-28 00:09:03 [TestNG-test-OrangeHRMTest-2] INFO  BaseClass - WebDriver Initialized and Browser Maximized
2025-12-28 00:09:03 [TestNG-test-OrangeHRMTest-2] TRACE BaseClass - This is a Trace message
2025-12-28 00:09:03 [TestNG-test-OrangeHRMTest-2] DEBUG BaseClass - This is a Debug message
2025-12-28 00:09:03 [TestNG-test-OrangeHRMTest-2] WARN  BaseClass - This is a Warn message
2025-12-28 00:09:03 [TestNG-test-OrangeHRMTest-2] INFO  ActionDriver - WebDriver instance is created.
2025-12-28 00:09:03 [TestNG-test-OrangeHRMTest-2] INFO  BaseClass - ActionDriver Initialized for Thread: 40
2025-12-28 00:09:04 [TestNG-test-OrangeHRMTest-1] INFO  BaseClass - WebDriver Initialized and Browser Maximized
2025-12-28 00:09:04 [TestNG-test-OrangeHRMTest-1] TRACE BaseClass - This is a Trace message
2025-12-28 00:09:04 [TestNG-test-OrangeHRMTest-1] DEBUG BaseClass - This is a Debug message
2025-12-28 00:09:04 [TestNG-test-OrangeHRMTest-1] WARN  BaseClass - This is a Warn message
2025-12-28 00:09:04 [TestNG-test-OrangeHRMTest-1] INFO  ActionDriver - WebDriver instance is created.
2025-12-28 00:09:04 [TestNG-test-OrangeHRMTest-1] INFO  BaseClass - ActionDriver Initialized for Thread: 39
2025-12-28 00:09:04 [TestNG-test-OrangeHRMTest-1] INFO  BaseClass - WebDriver instance is closed
2025-12-28 00:09:05 [TestNG-test-OrangeHRMTest-2] INFO  BaseClass - WebDriver instance is closed
2025-12-28 00:09:06 [TestNG-test-OrangeHRMTest-3] INFO  BaseClass - WebDriver Initialized and Browser Maximized
2025-12-28 00:09:06 [TestNG-test-OrangeHRMTest-3] TRACE BaseClass - This is a Trace message
2025-12-28 00:09:06 [TestNG-test-OrangeHRMTest-3] DEBUG BaseClass - This is a Debug message
2025-12-28 00:09:06 [TestNG-test-OrangeHRMTest-3] WARN  BaseClass - This is a Warn message
2025-12-28 00:09:06 [TestNG-test-OrangeHRMTest-3] INFO  ActionDriver - WebDriver instance is created.
2025-12-28 00:09:06 [TestNG-test-OrangeHRMTest-3] INFO  BaseClass - ActionDriver Initialized for Thread: 41
2025-12-28 00:09:06 [TestNG-test-OrangeHRMTest-3] INFO  ActionDriver - Entered text on: Element with name: username-->Admin
2025-12-28 00:09:06 [TestNG-test-OrangeHRMTest-4] INFO  BaseClass - WebDriver Initialized and Browser Maximized
2025-12-28 00:09:06 [TestNG-test-OrangeHRMTest-4] TRACE BaseClass - This is a Trace message
2025-12-28 00:09:06 [TestNG-test-OrangeHRMTest-4] DEBUG BaseClass - This is a Debug message
2025-12-28 00:09:06 [TestNG-test-OrangeHRMTest-4] WARN  BaseClass - This is a Warn message
2025-12-28 00:09:06 [TestNG-test-OrangeHRMTest-4] INFO  ActionDriver - WebDriver instance is created.
2025-12-28 00:09:06 [TestNG-test-OrangeHRMTest-4] INFO  BaseClass - ActionDriver Initialized for Thread: 42
2025-12-28 00:09:06 [TestNG-test-OrangeHRMTest-3] INFO  ActionDriver - Entered text on: Element with name: password-->admin
2025-12-28 00:09:07 [TestNG-test-OrangeHRMTest-4] INFO  ActionDriver - Entered text on: Element with name: username-->admin
2025-12-28 00:09:07 [TestNG-test-OrangeHRMTest-3] INFO  ActionDriver - Clicked an element--> Element with text: Login
2025-12-28 00:09:07 [TestNG-test-OrangeHRMTest-4] INFO  ActionDriver - Entered text on: Element with name: password-->admin123
2025-12-28 00:09:07 [TestNG-test-OrangeHRMTest-4] INFO  ActionDriver - Clicked an element--> Element with text: Login
2025-12-28 00:09:09 [TestNG-test-OrangeHRMTest-3] INFO  ActionDriver - Texts are Matching: Invalid credentials equals Invalid credentials
2025-12-28 00:09:09 [TestNG-test-OrangeHRMTest-4] INFO  ActionDriver - Element is displayed: Unable to describe the element
2025-12-28 00:09:09 [TestNG-test-OrangeHRMTest-3] INFO  BaseClass - WebDriver instance is closed
2025-12-28 00:09:09 [TestNG-test-OrangeHRMTest-4] INFO  BaseClass - WebDriver instance is closed
2025-12-28 00:09:10 [TestNG-test-OrangeHRMTest-3] INFO  BaseClass - ChromeDriver Instance is created
2025-12-28 00:09:16 [TestNG-test-OrangeHRMTest-3] INFO  BaseClass - WebDriver Initialized and Browser Maximized
2025-12-28 00:09:16 [TestNG-test-OrangeHRMTest-3] TRACE BaseClass - This is a Trace message
2025-12-28 00:09:16 [TestNG-test-OrangeHRMTest-3] DEBUG BaseClass - This is a Debug message
2025-12-28 00:09:16 [TestNG-test-OrangeHRMTest-3] WARN  BaseClass - This is a Warn message
2025-12-28 00:09:16 [TestNG-test-OrangeHRMTest-3] INFO  ActionDriver - WebDriver instance is created.
2025-12-28 00:09:16 [TestNG-test-OrangeHRMTest-3] INFO  BaseClass - ActionDriver Initialized for Thread: 41
2025-12-28 00:09:16 [TestNG-test-OrangeHRMTest-3] INFO  ActionDriver - Entered text on: Element with name: username-->Admin
2025-12-28 00:09:17 [TestNG-test-OrangeHRMTest-3] INFO  ActionDriver - Entered text on: Element with name: password-->admin123
2025-12-28 00:09:17 [TestNG-test-OrangeHRMTest-3] INFO  ActionDriver - Clicked an element--> Element with text: Login
2025-12-28 00:09:19 [TestNG-test-OrangeHRMTest-3] INFO  ActionDriver - Element is displayed: Element with text: Admin
2025-12-28 00:09:19 [TestNG-test-OrangeHRMTest-3] INFO  ActionDriver - Clicked an element--> Element with text: RRR user
2025-12-28 00:09:22 [TestNG-test-OrangeHRMTest-3] INFO  ActionDriver - Clicked an element--> Element with text: Logout
2025-12-28 00:09:25 [TestNG-test-OrangeHRMTest-3] INFO  BaseClass - WebDriver instance is closed
2025-12-28 00:21:49 [main] INFO  Logger - [TestNG] Running:
  E:\SeleniumFramework\OrangeHRMProject\src\test\resources\testng.xml

2025-12-28 00:21:49 [main] INFO  BaseClass - config.properties loaded
2025-12-28 00:21:52 [TestNG-test-OrangeHRMTest-3] INFO  BaseClass - ChromeDriver Instance is created
2025-12-28 00:21:52 [TestNG-test-OrangeHRMTest-4] INFO  BaseClass - ChromeDriver Instance is created
2025-12-28 00:21:52 [TestNG-test-OrangeHRMTest-1] INFO  BaseClass - ChromeDriver Instance is created
2025-12-28 00:21:52 [TestNG-test-OrangeHRMTest-2] INFO  BaseClass - ChromeDriver Instance is created
2025-12-28 00:21:59 [TestNG-test-OrangeHRMTest-3] INFO  BaseClass - WebDriver Initialized and Browser Maximized
2025-12-28 00:21:59 [TestNG-test-OrangeHRMTest-3] TRACE BaseClass - This is a Trace message
2025-12-28 00:21:59 [TestNG-test-OrangeHRMTest-3] DEBUG BaseClass - This is a Debug message
2025-12-28 00:21:59 [TestNG-test-OrangeHRMTest-3] WARN  BaseClass - This is a Warn message
2025-12-28 00:21:59 [TestNG-test-OrangeHRMTest-3] INFO  ActionDriver - WebDriver instance is created.
2025-12-28 00:21:59 [TestNG-test-OrangeHRMTest-3] INFO  BaseClass - ActionDriver Initialized for Thread: 38
2025-12-28 00:21:59 [TestNG-test-OrangeHRMTest-1] INFO  BaseClass - WebDriver Initialized and Browser Maximized
2025-12-28 00:21:59 [TestNG-test-OrangeHRMTest-1] TRACE BaseClass - This is a Trace message
2025-12-28 00:21:59 [TestNG-test-OrangeHRMTest-1] DEBUG BaseClass - This is a Debug message
2025-12-28 00:21:59 [TestNG-test-OrangeHRMTest-1] WARN  BaseClass - This is a Warn message
2025-12-28 00:21:59 [TestNG-test-OrangeHRMTest-1] INFO  ActionDriver - WebDriver instance is created.
2025-12-28 00:21:59 [TestNG-test-OrangeHRMTest-1] INFO  BaseClass - ActionDriver Initialized for Thread: 36
2025-12-28 00:21:59 [TestNG-test-OrangeHRMTest-2] INFO  BaseClass - WebDriver Initialized and Browser Maximized
2025-12-28 00:21:59 [TestNG-test-OrangeHRMTest-2] TRACE BaseClass - This is a Trace message
2025-12-28 00:21:59 [TestNG-test-OrangeHRMTest-2] DEBUG BaseClass - This is a Debug message
2025-12-28 00:21:59 [TestNG-test-OrangeHRMTest-2] WARN  BaseClass - This is a Warn message
2025-12-28 00:21:59 [TestNG-test-OrangeHRMTest-2] INFO  ActionDriver - WebDriver instance is created.
2025-12-28 00:21:59 [TestNG-test-OrangeHRMTest-2] INFO  BaseClass - ActionDriver Initialized for Thread: 37
2025-12-28 00:21:59 [TestNG-test-OrangeHRMTest-4] INFO  BaseClass - WebDriver Initialized and Browser Maximized
2025-12-28 00:21:59 [TestNG-test-OrangeHRMTest-4] TRACE BaseClass - This is a Trace message
2025-12-28 00:21:59 [TestNG-test-OrangeHRMTest-4] DEBUG BaseClass - This is a Debug message
2025-12-28 00:21:59 [TestNG-test-OrangeHRMTest-4] WARN  BaseClass - This is a Warn message
2025-12-28 00:21:59 [TestNG-test-OrangeHRMTest-4] INFO  ActionDriver - WebDriver instance is created.
2025-12-28 00:21:59 [TestNG-test-OrangeHRMTest-4] INFO  BaseClass - ActionDriver Initialized for Thread: 39
2025-12-28 00:21:59 [TestNG-test-OrangeHRMTest-1] INFO  BaseClass - WebDriver instance is closed
2025-12-28 00:22:00 [TestNG-test-OrangeHRMTest-4] INFO  ActionDriver - Entered text on: Element with name: username-->admin
2025-12-28 00:22:00 [TestNG-test-OrangeHRMTest-3] INFO  ActionDriver - Entered text on: Element with name: username-->Admin
2025-12-28 00:22:00 [TestNG-test-OrangeHRMTest-2] INFO  BaseClass - WebDriver instance is closed
2025-12-28 00:22:00 [TestNG-test-OrangeHRMTest-4] INFO  ActionDriver - Entered text on: Element with name: password-->admin123
2025-12-28 00:22:01 [TestNG-test-OrangeHRMTest-3] INFO  ActionDriver - Entered text on: Element with name: password-->admin
2025-12-28 00:22:02 [TestNG-test-OrangeHRMTest-3] INFO  ActionDriver - Clicked an element--> Element with text: Login
2025-12-28 00:22:03 [TestNG-test-OrangeHRMTest-4] INFO  ActionDriver - Clicked an element--> Element with text: Login
2025-12-28 00:22:04 [TestNG-test-OrangeHRMTest-4] INFO  ActionDriver - Element is displayed: Unable to describe the element
2025-12-28 00:22:04 [TestNG-test-OrangeHRMTest-3] INFO  ActionDriver - Texts are Matching: Invalid credentials equals Invalid credentials
2025-12-28 00:22:04 [TestNG-test-OrangeHRMTest-3] INFO  BaseClass - WebDriver instance is closed
2025-12-28 00:22:06 [TestNG-test-OrangeHRMTest-3] INFO  BaseClass - ChromeDriver Instance is created
2025-12-28 00:22:06 [TestNG-test-OrangeHRMTest-4] INFO  BaseClass - WebDriver instance is closed
2025-12-28 00:22:11 [TestNG-test-OrangeHRMTest-3] INFO  BaseClass - WebDriver Initialized and Browser Maximized
2025-12-28 00:22:11 [TestNG-test-OrangeHRMTest-3] TRACE BaseClass - This is a Trace message
2025-12-28 00:22:11 [TestNG-test-OrangeHRMTest-3] DEBUG BaseClass - This is a Debug message
2025-12-28 00:22:11 [TestNG-test-OrangeHRMTest-3] WARN  BaseClass - This is a Warn message
2025-12-28 00:22:11 [TestNG-test-OrangeHRMTest-3] INFO  ActionDriver - WebDriver instance is created.
2025-12-28 00:22:11 [TestNG-test-OrangeHRMTest-3] INFO  BaseClass - ActionDriver Initialized for Thread: 38
2025-12-28 00:22:11 [TestNG-test-OrangeHRMTest-3] INFO  ActionDriver - Entered text on: Element with name: username-->Admin
2025-12-28 00:22:12 [TestNG-test-OrangeHRMTest-3] INFO  ActionDriver - Entered text on: Element with name: password-->admin123
2025-12-28 00:22:13 [TestNG-test-OrangeHRMTest-3] INFO  ActionDriver - Clicked an element--> Element with text: Login
2025-12-28 00:22:14 [TestNG-test-OrangeHRMTest-3] INFO  ActionDriver - Element is displayed: Element with text: Admin
2025-12-28 00:22:15 [TestNG-test-OrangeHRMTest-3] INFO  BaseClass - WebDriver instance is closed
2025-12-28 00:23:27 [main] INFO  Logger - [TestNG] Running:
  E:\SeleniumFramework\OrangeHRMProject\src\test\resources\testng.xml

2025-12-28 00:23:27 [main] INFO  BaseClass - config.properties loaded
2025-12-28 00:23:30 [TestNG-test-OrangeHRMTest-3] INFO  BaseClass - ChromeDriver Instance is created
2025-12-28 00:23:30 [TestNG-test-OrangeHRMTest-4] INFO  BaseClass - ChromeDriver Instance is created
2025-12-28 00:23:30 [TestNG-test-OrangeHRMTest-2] INFO  BaseClass - ChromeDriver Instance is created
2025-12-28 00:23:30 [TestNG-test-OrangeHRMTest-1] INFO  BaseClass - ChromeDriver Instance is created
2025-12-28 00:23:35 [TestNG-test-OrangeHRMTest-2] INFO  BaseClass - WebDriver Initialized and Browser Maximized
2025-12-28 00:23:35 [TestNG-test-OrangeHRMTest-4] INFO  BaseClass - WebDriver Initialized and Browser Maximized
2025-12-28 00:23:35 [TestNG-test-OrangeHRMTest-2] TRACE BaseClass - This is a Trace message
2025-12-28 00:23:35 [TestNG-test-OrangeHRMTest-4] TRACE BaseClass - This is a Trace message
2025-12-28 00:23:35 [TestNG-test-OrangeHRMTest-4] DEBUG BaseClass - This is a Debug message
2025-12-28 00:23:35 [TestNG-test-OrangeHRMTest-2] DEBUG BaseClass - This is a Debug message
2025-12-28 00:23:35 [TestNG-test-OrangeHRMTest-4] WARN  BaseClass - This is a Warn message
2025-12-28 00:23:35 [TestNG-test-OrangeHRMTest-2] WARN  BaseClass - This is a Warn message
2025-12-28 00:23:35 [TestNG-test-OrangeHRMTest-2] INFO  ActionDriver - WebDriver instance is created.
2025-12-28 00:23:35 [TestNG-test-OrangeHRMTest-2] INFO  BaseClass - ActionDriver Initialized for Thread: 39
2025-12-28 00:23:35 [TestNG-test-OrangeHRMTest-4] INFO  ActionDriver - WebDriver instance is created.
2025-12-28 00:23:35 [TestNG-test-OrangeHRMTest-4] INFO  BaseClass - ActionDriver Initialized for Thread: 41
2025-12-28 00:23:36 [TestNG-test-OrangeHRMTest-2] INFO  BaseClass - WebDriver instance is closed
2025-12-28 00:23:36 [TestNG-test-OrangeHRMTest-4] INFO  ActionDriver - Entered text on: Element with name: username-->admin
2025-12-28 00:23:36 [TestNG-test-OrangeHRMTest-4] INFO  ActionDriver - Entered text on: Element with name: password-->admin123
2025-12-28 00:23:36 [TestNG-test-OrangeHRMTest-3] INFO  BaseClass - WebDriver Initialized and Browser Maximized
2025-12-28 00:23:36 [TestNG-test-OrangeHRMTest-3] TRACE BaseClass - This is a Trace message
2025-12-28 00:23:36 [TestNG-test-OrangeHRMTest-3] DEBUG BaseClass - This is a Debug message
2025-12-28 00:23:36 [TestNG-test-OrangeHRMTest-3] WARN  BaseClass - This is a Warn message
2025-12-28 00:23:36 [TestNG-test-OrangeHRMTest-3] INFO  ActionDriver - WebDriver instance is created.
2025-12-28 00:23:36 [TestNG-test-OrangeHRMTest-3] INFO  BaseClass - ActionDriver Initialized for Thread: 40
2025-12-28 00:23:37 [TestNG-test-OrangeHRMTest-1] INFO  BaseClass - WebDriver Initialized and Browser Maximized
2025-12-28 00:23:37 [TestNG-test-OrangeHRMTest-1] TRACE BaseClass - This is a Trace message
2025-12-28 00:23:37 [TestNG-test-OrangeHRMTest-1] DEBUG BaseClass - This is a Debug message
2025-12-28 00:23:37 [TestNG-test-OrangeHRMTest-1] WARN  BaseClass - This is a Warn message
2025-12-28 00:23:37 [TestNG-test-OrangeHRMTest-1] INFO  ActionDriver - WebDriver instance is created.
2025-12-28 00:23:37 [TestNG-test-OrangeHRMTest-1] INFO  BaseClass - ActionDriver Initialized for Thread: 38
2025-12-28 00:23:38 [TestNG-test-OrangeHRMTest-1] INFO  BaseClass - WebDriver instance is closed
2025-12-28 00:23:38 [TestNG-test-OrangeHRMTest-3] INFO  ActionDriver - Entered text on: Element with name: username-->Admin
2025-12-28 00:23:38 [TestNG-test-OrangeHRMTest-4] INFO  ActionDriver - Clicked an element--> Element with text: Login
2025-12-28 00:23:38 [TestNG-test-OrangeHRMTest-3] INFO  ActionDriver - Entered text on: Element with name: password-->admin
2025-12-28 00:23:39 [TestNG-test-OrangeHRMTest-3] INFO  ActionDriver - Clicked an element--> Element with text: Login
2025-12-28 00:23:39 [TestNG-test-OrangeHRMTest-4] INFO  ActionDriver - Element is displayed: Unable to describe the element
2025-12-28 00:23:41 [TestNG-test-OrangeHRMTest-4] INFO  BaseClass - WebDriver instance is closed
2025-12-28 00:23:41 [TestNG-test-OrangeHRMTest-3] INFO  ActionDriver - Texts are Matching: Invalid credentials equals Invalid credentials
2025-12-28 00:23:41 [TestNG-test-OrangeHRMTest-3] INFO  BaseClass - WebDriver instance is closed
2025-12-28 00:23:42 [TestNG-test-OrangeHRMTest-3] INFO  BaseClass - ChromeDriver Instance is created
2025-12-28 00:23:48 [TestNG-test-OrangeHRMTest-3] INFO  BaseClass - WebDriver Initialized and Browser Maximized
2025-12-28 00:23:48 [TestNG-test-OrangeHRMTest-3] TRACE BaseClass - This is a Trace message
2025-12-28 00:23:48 [TestNG-test-OrangeHRMTest-3] DEBUG BaseClass - This is a Debug message
2025-12-28 00:23:48 [TestNG-test-OrangeHRMTest-3] WARN  BaseClass - This is a Warn message
2025-12-28 00:23:48 [TestNG-test-OrangeHRMTest-3] INFO  ActionDriver - WebDriver instance is created.
2025-12-28 00:23:48 [TestNG-test-OrangeHRMTest-3] INFO  BaseClass - ActionDriver Initialized for Thread: 40
2025-12-28 00:23:48 [TestNG-test-OrangeHRMTest-3] INFO  ActionDriver - Entered text on: Element with name: username-->Admin
2025-12-28 00:23:48 [TestNG-test-OrangeHRMTest-3] INFO  ActionDriver - Entered text on: Element with name: password-->admin123
2025-12-28 00:23:49 [TestNG-test-OrangeHRMTest-3] INFO  ActionDriver - Clicked an element--> Element with text: Login
2025-12-28 00:23:51 [TestNG-test-OrangeHRMTest-3] INFO  ActionDriver - Element is displayed: Element with text: Admin
2025-12-28 00:23:52 [TestNG-test-OrangeHRMTest-3] INFO  BaseClass - WebDriver instance is closed
2025-12-28 00:26:12 [main] INFO  Logger - [TestNG] Running:
  C:\Users\pinku\AppData\Local\JetBrains\IntelliJIdea2025.3\temp-testng-customsuite.xml

2025-12-28 00:26:12 [main] INFO  BaseClass - config.properties loaded
2025-12-28 00:26:14 [main] INFO  BaseClass - ChromeDriver Instance is created
2025-12-28 00:26:19 [main] INFO  BaseClass - WebDriver Initialized and Browser Maximized
2025-12-28 00:26:19 [main] TRACE BaseClass - This is a Trace message
2025-12-28 00:26:19 [main] DEBUG BaseClass - This is a Debug message
2025-12-28 00:26:19 [main] WARN  BaseClass - This is a Warn message
2025-12-28 00:26:19 [main] INFO  ActionDriver - WebDriver instance is created.
2025-12-28 00:26:19 [main] INFO  BaseClass - ActionDriver Initialized for Thread: 1
2025-12-28 00:26:20 [main] INFO  ActionDriver - Entered text on: Element with name: username-->admin
2025-12-28 00:26:20 [main] INFO  ActionDriver - Entered text on: Element with name: password-->admin123
2025-12-28 00:26:20 [main] INFO  ActionDriver - Clicked an element--> Element with text: Login
2025-12-28 00:26:22 [main] INFO  ActionDriver - Element is displayed: Unable to describe the element
2025-12-28 00:26:24 [main] INFO  BaseClass - WebDriver instance is closed
2025-12-28 00:27:26 [main] INFO  Logger - [TestNG] Running:
  C:\Users\pinku\AppData\Local\JetBrains\IntelliJIdea2025.3\temp-testng-customsuite.xml

2025-12-28 00:27:26 [main] INFO  BaseClass - config.properties loaded
2025-12-28 00:27:28 [main] INFO  BaseClass - ChromeDriver Instance is created
2025-12-28 00:27:41 [main] INFO  BaseClass - WebDriver Initialized and Browser Maximized
2025-12-28 00:27:41 [main] TRACE BaseClass - This is a Trace message
2025-12-28 00:27:41 [main] DEBUG BaseClass - This is a Debug message
2025-12-28 00:27:41 [main] WARN  BaseClass - This is a Warn message
2025-12-28 00:27:41 [main] INFO  ActionDriver - WebDriver instance is created.
2025-12-28 00:27:41 [main] INFO  BaseClass - ActionDriver Initialized for Thread: 1
2025-12-28 00:27:41 [main] INFO  ActionDriver - Entered text on: Element with name: username-->Admin
2025-12-28 00:27:42 [main] INFO  ActionDriver - Entered text on: Element with name: password-->admin123
2025-12-28 00:27:42 [main] INFO  ActionDriver - Clicked an element--> Element with text: Login
2025-12-28 00:27:44 [main] INFO  ActionDriver - Element is displayed: Element with text: Admin
2025-12-28 00:34:45 [main] INFO  Logger - [TestNG] Running:
  E:\SeleniumFramework\OrangeHRMProject\src\test\resources\testng.xml

2025-12-28 00:34:45 [main] INFO  BaseClass - config.properties loaded
2025-12-28 00:34:48 [TestNG-test-OrangeHRMTest-4] INFO  BaseClass - ChromeDriver Instance is created
2025-12-28 00:34:48 [TestNG-test-OrangeHRMTest-2] INFO  BaseClass - ChromeDriver Instance is created
2025-12-28 00:34:48 [TestNG-test-OrangeHRMTest-1] INFO  BaseClass - ChromeDriver Instance is created
2025-12-28 00:34:48 [TestNG-test-OrangeHRMTest-3] INFO  BaseClass - ChromeDriver Instance is created
2025-12-28 00:34:54 [TestNG-test-OrangeHRMTest-1] INFO  BaseClass - WebDriver Initialized and Browser Maximized
2025-12-28 00:34:54 [TestNG-test-OrangeHRMTest-1] TRACE BaseClass - This is a Trace message
2025-12-28 00:34:54 [TestNG-test-OrangeHRMTest-1] DEBUG BaseClass - This is a Debug message
2025-12-28 00:34:54 [TestNG-test-OrangeHRMTest-1] WARN  BaseClass - This is a Warn message
2025-12-28 00:34:54 [TestNG-test-OrangeHRMTest-1] INFO  ActionDriver - WebDriver instance is created.
2025-12-28 00:34:54 [TestNG-test-OrangeHRMTest-1] INFO  BaseClass - ActionDriver Initialized for Thread: 38
2025-12-28 00:34:54 [TestNG-test-OrangeHRMTest-3] INFO  BaseClass - WebDriver Initialized and Browser Maximized
2025-12-28 00:34:54 [TestNG-test-OrangeHRMTest-3] TRACE BaseClass - This is a Trace message
2025-12-28 00:34:54 [TestNG-test-OrangeHRMTest-3] DEBUG BaseClass - This is a Debug message
2025-12-28 00:34:54 [TestNG-test-OrangeHRMTest-3] WARN  BaseClass - This is a Warn message
2025-12-28 00:34:54 [TestNG-test-OrangeHRMTest-3] INFO  ActionDriver - WebDriver instance is created.
2025-12-28 00:34:54 [TestNG-test-OrangeHRMTest-3] INFO  BaseClass - ActionDriver Initialized for Thread: 40
2025-12-28 00:34:54 [TestNG-test-OrangeHRMTest-2] INFO  BaseClass - WebDriver Initialized and Browser Maximized
2025-12-28 00:34:54 [TestNG-test-OrangeHRMTest-2] TRACE BaseClass - This is a Trace message
2025-12-28 00:34:54 [TestNG-test-OrangeHRMTest-2] DEBUG BaseClass - This is a Debug message
2025-12-28 00:34:54 [TestNG-test-OrangeHRMTest-2] WARN  BaseClass - This is a Warn message
2025-12-28 00:34:54 [TestNG-test-OrangeHRMTest-2] INFO  ActionDriver - WebDriver instance is created.
2025-12-28 00:34:54 [TestNG-test-OrangeHRMTest-2] INFO  BaseClass - ActionDriver Initialized for Thread: 39
2025-12-28 00:34:55 [TestNG-test-OrangeHRMTest-1] INFO  BaseClass - WebDriver instance is closed
2025-12-28 00:34:55 [TestNG-test-OrangeHRMTest-2] INFO  BaseClass - WebDriver instance is closed
2025-12-28 00:34:55 [TestNG-test-OrangeHRMTest-3] INFO  ActionDriver - Entered text on: Element with name: username-->Admin
2025-12-28 00:34:55 [TestNG-test-OrangeHRMTest-4] INFO  BaseClass - WebDriver Initialized and Browser Maximized
2025-12-28 00:34:55 [TestNG-test-OrangeHRMTest-4] TRACE BaseClass - This is a Trace message
2025-12-28 00:34:55 [TestNG-test-OrangeHRMTest-4] DEBUG BaseClass - This is a Debug message
2025-12-28 00:34:55 [TestNG-test-OrangeHRMTest-4] WARN  BaseClass - This is a Warn message
2025-12-28 00:34:55 [TestNG-test-OrangeHRMTest-4] INFO  ActionDriver - WebDriver instance is created.
2025-12-28 00:34:55 [TestNG-test-OrangeHRMTest-4] INFO  BaseClass - ActionDriver Initialized for Thread: 41
2025-12-28 00:34:56 [TestNG-test-OrangeHRMTest-3] INFO  ActionDriver - Entered text on: Element with name: password-->admin
2025-12-28 00:34:56 [TestNG-test-OrangeHRMTest-3] INFO  ActionDriver - Clicked an element--> Element with text: Login
2025-12-28 00:34:57 [TestNG-test-OrangeHRMTest-4] INFO  ActionDriver - Entered text on: Element with name: username-->admin
2025-12-28 00:34:57 [TestNG-test-OrangeHRMTest-4] INFO  ActionDriver - Entered text on: Element with name: password-->admin123
2025-12-28 00:34:58 [TestNG-test-OrangeHRMTest-3] INFO  ActionDriver - Texts are Matching: Invalid credentials equals Invalid credentials
2025-12-28 00:34:59 [TestNG-test-OrangeHRMTest-3] INFO  BaseClass - WebDriver instance is closed
2025-12-28 00:34:59 [TestNG-test-OrangeHRMTest-4] INFO  ActionDriver - Clicked an element--> Element with text: Login
2025-12-28 00:35:00 [TestNG-test-OrangeHRMTest-4] INFO  ActionDriver - Element is displayed: Unable to describe the element
2025-12-28 00:35:00 [TestNG-test-OrangeHRMTest-3] INFO  BaseClass - ChromeDriver Instance is created
2025-12-28 00:35:02 [TestNG-test-OrangeHRMTest-4] INFO  BaseClass - WebDriver instance is closed
2025-12-28 00:35:06 [TestNG-test-OrangeHRMTest-3] INFO  BaseClass - WebDriver Initialized and Browser Maximized
2025-12-28 00:35:06 [TestNG-test-OrangeHRMTest-3] TRACE BaseClass - This is a Trace message
2025-12-28 00:35:06 [TestNG-test-OrangeHRMTest-3] DEBUG BaseClass - This is a Debug message
2025-12-28 00:35:06 [TestNG-test-OrangeHRMTest-3] WARN  BaseClass - This is a Warn message
2025-12-28 00:35:06 [TestNG-test-OrangeHRMTest-3] INFO  ActionDriver - WebDriver instance is created.
2025-12-28 00:35:06 [TestNG-test-OrangeHRMTest-3] INFO  BaseClass - ActionDriver Initialized for Thread: 40
2025-12-28 00:35:06 [TestNG-test-OrangeHRMTest-3] INFO  ActionDriver - Entered text on: Element with name: username-->Admin
2025-12-28 00:35:06 [TestNG-test-OrangeHRMTest-3] INFO  ActionDriver - Entered text on: Element with name: password-->admin123
2025-12-28 00:35:07 [TestNG-test-OrangeHRMTest-3] INFO  ActionDriver - Clicked an element--> Element with text: Login
2025-12-28 00:35:09 [TestNG-test-OrangeHRMTest-3] INFO  ActionDriver - Element is displayed: Element with text: Admin
2025-12-28 00:35:10 [TestNG-test-OrangeHRMTest-3] INFO  BaseClass - WebDriver instance is closed
2025-12-28 00:49:16 [main] INFO  Logger - [TestNG] Running:
  E:\SeleniumFramework\OrangeHRMProject\src\test\resources\testng.xml

2025-12-28 00:49:16 [main] INFO  BaseClass - config.properties loaded
2025-12-28 00:49:19 [TestNG-test-OrangeHRMTest-4] INFO  BaseClass - ChromeDriver Instance is created
2025-12-28 00:49:19 [TestNG-test-OrangeHRMTest-2] INFO  BaseClass - ChromeDriver Instance is created
2025-12-28 00:49:19 [TestNG-test-OrangeHRMTest-1] INFO  BaseClass - ChromeDriver Instance is created
2025-12-28 00:49:19 [TestNG-test-OrangeHRMTest-3] INFO  BaseClass - ChromeDriver Instance is created
2025-12-28 00:49:24 [TestNG-test-OrangeHRMTest-2] INFO  BaseClass - WebDriver Initialized and Browser Maximized
2025-12-28 00:49:24 [TestNG-test-OrangeHRMTest-2] TRACE BaseClass - This is a Trace message
2025-12-28 00:49:24 [TestNG-test-OrangeHRMTest-2] DEBUG BaseClass - This is a Debug message
2025-12-28 00:49:24 [TestNG-test-OrangeHRMTest-2] WARN  BaseClass - This is a Warn message
2025-12-28 00:49:24 [TestNG-test-OrangeHRMTest-2] INFO  ActionDriver - WebDriver instance is created.
2025-12-28 00:49:24 [TestNG-test-OrangeHRMTest-2] INFO  BaseClass - ActionDriver Initialized for Thread: 40
2025-12-28 00:49:24 [TestNG-test-OrangeHRMTest-1] INFO  BaseClass - WebDriver Initialized and Browser Maximized
2025-12-28 00:49:24 [TestNG-test-OrangeHRMTest-1] TRACE BaseClass - This is a Trace message
2025-12-28 00:49:24 [TestNG-test-OrangeHRMTest-1] DEBUG BaseClass - This is a Debug message
2025-12-28 00:49:24 [TestNG-test-OrangeHRMTest-1] WARN  BaseClass - This is a Warn message
2025-12-28 00:49:24 [TestNG-test-OrangeHRMTest-1] INFO  ActionDriver - WebDriver instance is created.
2025-12-28 00:49:24 [TestNG-test-OrangeHRMTest-1] INFO  BaseClass - ActionDriver Initialized for Thread: 39
2025-12-28 00:49:24 [TestNG-test-OrangeHRMTest-3] INFO  BaseClass - WebDriver Initialized and Browser Maximized
2025-12-28 00:49:24 [TestNG-test-OrangeHRMTest-3] TRACE BaseClass - This is a Trace message
2025-12-28 00:49:24 [TestNG-test-OrangeHRMTest-3] DEBUG BaseClass - This is a Debug message
2025-12-28 00:49:24 [TestNG-test-OrangeHRMTest-3] WARN  BaseClass - This is a Warn message
2025-12-28 00:49:24 [TestNG-test-OrangeHRMTest-3] INFO  ActionDriver - WebDriver instance is created.
2025-12-28 00:49:24 [TestNG-test-OrangeHRMTest-3] INFO  BaseClass - ActionDriver Initialized for Thread: 41
2025-12-28 00:49:25 [TestNG-test-OrangeHRMTest-2] INFO  BaseClass - WebDriver instance is closed
2025-12-28 00:49:25 [TestNG-test-OrangeHRMTest-3] INFO  ActionDriver - Entered text on: Element with name: username-->Admin
2025-12-28 00:49:25 [TestNG-test-OrangeHRMTest-1] INFO  BaseClass - WebDriver instance is closed
2025-12-28 00:49:26 [TestNG-test-OrangeHRMTest-4] INFO  BaseClass - WebDriver Initialized and Browser Maximized
2025-12-28 00:49:26 [TestNG-test-OrangeHRMTest-4] TRACE BaseClass - This is a Trace message
2025-12-28 00:49:26 [TestNG-test-OrangeHRMTest-4] DEBUG BaseClass - This is a Debug message
2025-12-28 00:49:26 [TestNG-test-OrangeHRMTest-4] WARN  BaseClass - This is a Warn message
2025-12-28 00:49:26 [TestNG-test-OrangeHRMTest-4] INFO  ActionDriver - WebDriver instance is created.
2025-12-28 00:49:26 [TestNG-test-OrangeHRMTest-4] INFO  BaseClass - ActionDriver Initialized for Thread: 42
2025-12-28 00:49:26 [TestNG-test-OrangeHRMTest-3] INFO  ActionDriver - Entered text on: Element with name: password-->admin
2025-12-28 00:49:27 [TestNG-test-OrangeHRMTest-4] INFO  ActionDriver - Entered text on: Element with name: username-->admin
2025-12-28 00:49:27 [TestNG-test-OrangeHRMTest-3] INFO  ActionDriver - Clicked an element--> Element with text: Login
2025-12-28 00:49:28 [TestNG-test-OrangeHRMTest-4] INFO  ActionDriver - Entered text on: Element with name: password-->admin123
2025-12-28 00:49:28 [TestNG-test-OrangeHRMTest-3] INFO  ActionDriver - Texts are Matching: Invalid credentials equals Invalid credentials
2025-12-28 00:49:28 [TestNG-test-OrangeHRMTest-4] INFO  ActionDriver - Clicked an element--> Element with text: Login
2025-12-28 00:49:29 [TestNG-test-OrangeHRMTest-3] INFO  BaseClass - WebDriver instance is closed
2025-12-28 00:49:30 [TestNG-test-OrangeHRMTest-4] INFO  ActionDriver - Element is displayed: Unable to describe the element
2025-12-28 00:49:30 [TestNG-test-OrangeHRMTest-3] INFO  BaseClass - ChromeDriver Instance is created
2025-12-28 00:49:31 [TestNG-test-OrangeHRMTest-4] INFO  BaseClass - WebDriver instance is closed
2025-12-28 00:49:36 [TestNG-test-OrangeHRMTest-3] INFO  BaseClass - WebDriver Initialized and Browser Maximized
2025-12-28 00:49:36 [TestNG-test-OrangeHRMTest-3] TRACE BaseClass - This is a Trace message
2025-12-28 00:49:36 [TestNG-test-OrangeHRMTest-3] DEBUG BaseClass - This is a Debug message
2025-12-28 00:49:36 [TestNG-test-OrangeHRMTest-3] WARN  BaseClass - This is a Warn message
2025-12-28 00:49:36 [TestNG-test-OrangeHRMTest-3] INFO  ActionDriver - WebDriver instance is created.
2025-12-28 00:49:36 [TestNG-test-OrangeHRMTest-3] INFO  BaseClass - ActionDriver Initialized for Thread: 41
2025-12-28 00:49:36 [TestNG-test-OrangeHRMTest-3] INFO  ActionDriver - Entered text on: Element with name: username-->Admin
2025-12-28 00:49:37 [TestNG-test-OrangeHRMTest-3] INFO  ActionDriver - Entered text on: Element with name: password-->admin123
2025-12-28 00:49:37 [TestNG-test-OrangeHRMTest-3] INFO  ActionDriver - Clicked an element--> Element with text: Login
2025-12-28 00:49:39 [TestNG-test-OrangeHRMTest-3] INFO  ActionDriver - Element is displayed: Element with text: Admin
2025-12-28 00:49:40 [TestNG-test-OrangeHRMTest-3] INFO  ActionDriver - Clicked an element--> Element with text: RRR user
2025-12-28 00:49:41 [TestNG-test-OrangeHRMTest-3] INFO  ActionDriver - Clicked an element--> Element with text: Logout
2025-12-28 00:49:43 [TestNG-test-OrangeHRMTest-3] INFO  BaseClass - WebDriver instance is closed
2025-12-28 00:51:56 [main] INFO  Logger - [TestNG] Running:
  E:\SeleniumFramework\OrangeHRMProject\src\test\resources\testng.xml

2025-12-28 00:51:56 [main] INFO  BaseClass - config.properties loaded
2025-12-28 00:51:59 [TestNG-test-OrangeHRMTest-2] INFO  BaseClass - ChromeDriver Instance is created
2025-12-28 00:51:59 [TestNG-test-OrangeHRMTest-4] INFO  BaseClass - ChromeDriver Instance is created
2025-12-28 00:51:59 [TestNG-test-OrangeHRMTest-3] INFO  BaseClass - ChromeDriver Instance is created
2025-12-28 00:51:59 [TestNG-test-OrangeHRMTest-1] INFO  BaseClass - ChromeDriver Instance is created
2025-12-28 00:52:05 [TestNG-test-OrangeHRMTest-2] INFO  BaseClass - WebDriver Initialized and Browser Maximized
2025-12-28 00:52:05 [TestNG-test-OrangeHRMTest-4] INFO  BaseClass - WebDriver Initialized and Browser Maximized
2025-12-28 00:52:05 [TestNG-test-OrangeHRMTest-4] TRACE BaseClass - This is a Trace message
2025-12-28 00:52:05 [TestNG-test-OrangeHRMTest-2] TRACE BaseClass - This is a Trace message
2025-12-28 00:52:05 [TestNG-test-OrangeHRMTest-2] DEBUG BaseClass - This is a Debug message
2025-12-28 00:52:05 [TestNG-test-OrangeHRMTest-2] WARN  BaseClass - This is a Warn message
2025-12-28 00:52:05 [TestNG-test-OrangeHRMTest-4] DEBUG BaseClass - This is a Debug message
2025-12-28 00:52:05 [TestNG-test-OrangeHRMTest-4] WARN  BaseClass - This is a Warn message
2025-12-28 00:52:05 [TestNG-test-OrangeHRMTest-4] INFO  ActionDriver - WebDriver instance is created.
2025-12-28 00:52:05 [TestNG-test-OrangeHRMTest-2] INFO  ActionDriver - WebDriver instance is created.
2025-12-28 00:52:05 [TestNG-test-OrangeHRMTest-2] INFO  BaseClass - ActionDriver Initialized for Thread: 40
2025-12-28 00:52:05 [TestNG-test-OrangeHRMTest-4] INFO  BaseClass - ActionDriver Initialized for Thread: 42
2025-12-28 00:52:05 [TestNG-test-OrangeHRMTest-1] INFO  BaseClass - WebDriver Initialized and Browser Maximized
2025-12-28 00:52:05 [TestNG-test-OrangeHRMTest-1] TRACE BaseClass - This is a Trace message
2025-12-28 00:52:05 [TestNG-test-OrangeHRMTest-1] DEBUG BaseClass - This is a Debug message
2025-12-28 00:52:05 [TestNG-test-OrangeHRMTest-1] WARN  BaseClass - This is a Warn message
2025-12-28 00:52:05 [TestNG-test-OrangeHRMTest-1] INFO  ActionDriver - WebDriver instance is created.
2025-12-28 00:52:05 [TestNG-test-OrangeHRMTest-1] INFO  BaseClass - ActionDriver Initialized for Thread: 39
2025-12-28 00:52:05 [TestNG-test-OrangeHRMTest-2] INFO  BaseClass - WebDriver instance is closed
2025-12-28 00:52:06 [TestNG-test-OrangeHRMTest-1] INFO  BaseClass - WebDriver instance is closed
2025-12-28 00:52:06 [TestNG-test-OrangeHRMTest-4] INFO  ActionDriver - Entered text on: Element with name: username-->admin
2025-12-28 00:52:06 [TestNG-test-OrangeHRMTest-3] INFO  BaseClass - WebDriver Initialized and Browser Maximized
2025-12-28 00:52:06 [TestNG-test-OrangeHRMTest-3] TRACE BaseClass - This is a Trace message
2025-12-28 00:52:06 [TestNG-test-OrangeHRMTest-3] DEBUG BaseClass - This is a Debug message
2025-12-28 00:52:06 [TestNG-test-OrangeHRMTest-3] WARN  BaseClass - This is a Warn message
2025-12-28 00:52:06 [TestNG-test-OrangeHRMTest-3] INFO  ActionDriver - WebDriver instance is created.
2025-12-28 00:52:06 [TestNG-test-OrangeHRMTest-3] INFO  BaseClass - ActionDriver Initialized for Thread: 41
2025-12-28 00:52:06 [TestNG-test-OrangeHRMTest-4] INFO  ActionDriver - Entered text on: Element with name: password-->admin123
2025-12-28 00:52:07 [TestNG-test-OrangeHRMTest-3] INFO  ActionDriver - Entered text on: Element with name: username-->Admin
2025-12-28 00:52:08 [TestNG-test-OrangeHRMTest-3] INFO  ActionDriver - Entered text on: Element with name: password-->admin
2025-12-28 00:52:08 [TestNG-test-OrangeHRMTest-3] INFO  ActionDriver - Clicked an element--> Element with text: Login
2025-12-28 00:52:08 [TestNG-test-OrangeHRMTest-4] INFO  ActionDriver - Clicked an element--> Element with text: Login
2025-12-28 00:52:09 [TestNG-test-OrangeHRMTest-4] INFO  ActionDriver - Element is displayed: Unable to describe the element
2025-12-28 00:52:09 [TestNG-test-OrangeHRMTest-3] INFO  ActionDriver - Texts are Matching: Invalid credentials equals Invalid credentials
2025-12-28 00:52:11 [TestNG-test-OrangeHRMTest-3] INFO  BaseClass - WebDriver instance is closed
2025-12-28 00:52:11 [TestNG-test-OrangeHRMTest-4] INFO  BaseClass - WebDriver instance is closed
2025-12-28 00:52:12 [TestNG-test-OrangeHRMTest-3] INFO  BaseClass - ChromeDriver Instance is created
2025-12-28 00:52:17 [TestNG-test-OrangeHRMTest-3] INFO  BaseClass - WebDriver Initialized and Browser Maximized
2025-12-28 00:52:17 [TestNG-test-OrangeHRMTest-3] TRACE BaseClass - This is a Trace message
2025-12-28 00:52:17 [TestNG-test-OrangeHRMTest-3] DEBUG BaseClass - This is a Debug message
2025-12-28 00:52:17 [TestNG-test-OrangeHRMTest-3] WARN  BaseClass - This is a Warn message
2025-12-28 00:52:17 [TestNG-test-OrangeHRMTest-3] INFO  ActionDriver - WebDriver instance is created.
2025-12-28 00:52:17 [TestNG-test-OrangeHRMTest-3] INFO  BaseClass - ActionDriver Initialized for Thread: 41
2025-12-28 00:52:17 [TestNG-test-OrangeHRMTest-3] INFO  ActionDriver - Entered text on: Element with name: username-->Admin
2025-12-28 00:52:18 [TestNG-test-OrangeHRMTest-3] INFO  ActionDriver - Entered text on: Element with name: password-->admin123
2025-12-28 00:52:19 [TestNG-test-OrangeHRMTest-3] INFO  ActionDriver - Clicked an element--> Element with text: Login
2025-12-28 00:52:20 [TestNG-test-OrangeHRMTest-3] INFO  ActionDriver - Element is displayed: Element with text: Admin
2025-12-28 00:52:21 [TestNG-test-OrangeHRMTest-3] INFO  BaseClass - WebDriver instance is closed
2025-12-28 00:54:10 [main] INFO  Logger - [TestNG] Running:
  E:\SeleniumFramework\OrangeHRMProject\src\test\resources\testng.xml

2025-12-28 00:54:10 [main] INFO  BaseClass - config.properties loaded
2025-12-28 00:54:13 [TestNG-test-OrangeHRMTest-1] INFO  BaseClass - ChromeDriver Instance is created
2025-12-28 00:54:13 [TestNG-test-OrangeHRMTest-3] INFO  BaseClass - ChromeDriver Instance is created
2025-12-28 00:54:13 [TestNG-test-OrangeHRMTest-2] INFO  BaseClass - ChromeDriver Instance is created
2025-12-28 00:54:13 [TestNG-test-OrangeHRMTest-4] INFO  BaseClass - ChromeDriver Instance is created
2025-12-28 00:54:18 [TestNG-test-OrangeHRMTest-4] INFO  BaseClass - WebDriver Initialized and Browser Maximized
2025-12-28 00:54:18 [TestNG-test-OrangeHRMTest-4] TRACE BaseClass - This is a Trace message
2025-12-28 00:54:18 [TestNG-test-OrangeHRMTest-4] DEBUG BaseClass - This is a Debug message
2025-12-28 00:54:18 [TestNG-test-OrangeHRMTest-4] WARN  BaseClass - This is a Warn message
2025-12-28 00:54:18 [TestNG-test-OrangeHRMTest-1] INFO  BaseClass - WebDriver Initialized and Browser Maximized
2025-12-28 00:54:18 [TestNG-test-OrangeHRMTest-4] INFO  ActionDriver - WebDriver instance is created.
2025-12-28 00:54:18 [TestNG-test-OrangeHRMTest-1] TRACE BaseClass - This is a Trace message
2025-12-28 00:54:18 [TestNG-test-OrangeHRMTest-4] INFO  BaseClass - ActionDriver Initialized for Thread: 40
2025-12-28 00:54:18 [TestNG-test-OrangeHRMTest-1] DEBUG BaseClass - This is a Debug message
2025-12-28 00:54:18 [TestNG-test-OrangeHRMTest-1] WARN  BaseClass - This is a Warn message
2025-12-28 00:54:18 [TestNG-test-OrangeHRMTest-1] INFO  ActionDriver - WebDriver instance is created.
2025-12-28 00:54:18 [TestNG-test-OrangeHRMTest-1] INFO  BaseClass - ActionDriver Initialized for Thread: 37
2025-12-28 00:54:18 [TestNG-test-OrangeHRMTest-3] INFO  BaseClass - WebDriver Initialized and Browser Maximized
2025-12-28 00:54:18 [TestNG-test-OrangeHRMTest-3] TRACE BaseClass - This is a Trace message
2025-12-28 00:54:18 [TestNG-test-OrangeHRMTest-3] DEBUG BaseClass - This is a Debug message
2025-12-28 00:54:18 [TestNG-test-OrangeHRMTest-3] WARN  BaseClass - This is a Warn message
2025-12-28 00:54:18 [TestNG-test-OrangeHRMTest-3] INFO  ActionDriver - WebDriver instance is created.
2025-12-28 00:54:18 [TestNG-test-OrangeHRMTest-3] INFO  BaseClass - ActionDriver Initialized for Thread: 39
2025-12-28 00:54:18 [TestNG-test-OrangeHRMTest-2] INFO  BaseClass - WebDriver Initialized and Browser Maximized
2025-12-28 00:54:18 [TestNG-test-OrangeHRMTest-2] TRACE BaseClass - This is a Trace message
2025-12-28 00:54:18 [TestNG-test-OrangeHRMTest-2] DEBUG BaseClass - This is a Debug message
2025-12-28 00:54:18 [TestNG-test-OrangeHRMTest-2] WARN  BaseClass - This is a Warn message
2025-12-28 00:54:18 [TestNG-test-OrangeHRMTest-2] INFO  ActionDriver - WebDriver instance is created.
2025-12-28 00:54:18 [TestNG-test-OrangeHRMTest-2] INFO  BaseClass - ActionDriver Initialized for Thread: 38
2025-12-28 00:54:18 [TestNG-test-OrangeHRMTest-1] INFO  BaseClass - WebDriver instance is closed
2025-12-28 00:54:18 [TestNG-test-OrangeHRMTest-2] INFO  BaseClass - WebDriver instance is closed
2025-12-28 00:54:19 [TestNG-test-OrangeHRMTest-4] INFO  ActionDriver - Entered text on: Element with name: username-->admin
2025-12-28 00:54:19 [TestNG-test-OrangeHRMTest-3] INFO  ActionDriver - Entered text on: Element with name: username-->Admin
2025-12-28 00:54:19 [TestNG-test-OrangeHRMTest-4] INFO  ActionDriver - Entered text on: Element with name: password-->admin123
2025-12-28 00:54:19 [TestNG-test-OrangeHRMTest-3] INFO  ActionDriver - Entered text on: Element with name: password-->admin
2025-12-28 00:54:20 [TestNG-test-OrangeHRMTest-3] INFO  ActionDriver - Clicked an element--> Element with text: Login
2025-12-28 00:54:21 [TestNG-test-OrangeHRMTest-4] INFO  ActionDriver - Clicked an element--> Element with text: Login
2025-12-28 00:54:21 [TestNG-test-OrangeHRMTest-4] INFO  ActionDriver - Element is displayed: Unable to describe the element
2025-12-28 00:54:22 [TestNG-test-OrangeHRMTest-3] INFO  ActionDriver - Texts are Matching: Invalid credentials equals Invalid credentials
2025-12-28 00:54:22 [TestNG-test-OrangeHRMTest-3] INFO  BaseClass - WebDriver instance is closed
2025-12-28 00:54:24 [TestNG-test-OrangeHRMTest-3] INFO  BaseClass - ChromeDriver Instance is created
2025-12-28 00:54:24 [TestNG-test-OrangeHRMTest-4] INFO  BaseClass - WebDriver instance is closed
2025-12-28 00:54:28 [TestNG-test-OrangeHRMTest-3] INFO  BaseClass - WebDriver Initialized and Browser Maximized
2025-12-28 00:54:28 [TestNG-test-OrangeHRMTest-3] TRACE BaseClass - This is a Trace message
2025-12-28 00:54:28 [TestNG-test-OrangeHRMTest-3] DEBUG BaseClass - This is a Debug message
2025-12-28 00:54:28 [TestNG-test-OrangeHRMTest-3] WARN  BaseClass - This is a Warn message
2025-12-28 00:54:28 [TestNG-test-OrangeHRMTest-3] INFO  ActionDriver - WebDriver instance is created.
2025-12-28 00:54:28 [TestNG-test-OrangeHRMTest-3] INFO  BaseClass - ActionDriver Initialized for Thread: 39
2025-12-28 00:54:29 [TestNG-test-OrangeHRMTest-3] INFO  ActionDriver - Entered text on: Element with name: username-->Admin
2025-12-28 00:54:29 [TestNG-test-OrangeHRMTest-3] INFO  ActionDriver - Entered text on: Element with name: password-->admin123
2025-12-28 00:54:29 [TestNG-test-OrangeHRMTest-3] INFO  ActionDriver - Clicked an element--> Element with text: Login
2025-12-28 00:54:31 [TestNG-test-OrangeHRMTest-3] INFO  ActionDriver - Element is displayed: Element with text: Admin
2025-12-28 00:54:33 [TestNG-test-OrangeHRMTest-3] INFO  BaseClass - WebDriver instance is closed
2025-12-28 01:06:20 [main] INFO  Logger - [TestNG] Running:
  E:\SeleniumFramework\OrangeHRMProject\src\test\resources\testng.xml

2025-12-28 01:06:20 [main] INFO  BaseClass - config.properties loaded
2025-12-28 01:06:23 [TestNG-test-OrangeHRMTest-3] INFO  BaseClass - ChromeDriver Instance is created
2025-12-28 01:06:23 [TestNG-test-OrangeHRMTest-2] INFO  BaseClass - ChromeDriver Instance is created
2025-12-28 01:06:23 [TestNG-test-OrangeHRMTest-1] INFO  BaseClass - ChromeDriver Instance is created
2025-12-28 01:06:23 [TestNG-test-OrangeHRMTest-4] INFO  BaseClass - ChromeDriver Instance is created
2025-12-28 01:06:27 [TestNG-test-OrangeHRMTest-2] INFO  BaseClass - WebDriver Initialized and Browser Maximized
2025-12-28 01:06:27 [TestNG-test-OrangeHRMTest-2] TRACE BaseClass - This is a Trace message
2025-12-28 01:06:27 [TestNG-test-OrangeHRMTest-2] DEBUG BaseClass - This is a Debug message
2025-12-28 01:06:27 [TestNG-test-OrangeHRMTest-2] WARN  BaseClass - This is a Warn message
2025-12-28 01:06:27 [TestNG-test-OrangeHRMTest-2] INFO  ActionDriver - WebDriver instance is created.
2025-12-28 01:06:27 [TestNG-test-OrangeHRMTest-2] INFO  BaseClass - ActionDriver Initialized for Thread: 38
2025-12-28 01:06:28 [TestNG-test-OrangeHRMTest-2] INFO  BaseClass - WebDriver instance is closed
2025-12-28 01:06:28 [TestNG-test-OrangeHRMTest-1] INFO  BaseClass - WebDriver Initialized and Browser Maximized
2025-12-28 01:06:28 [TestNG-test-OrangeHRMTest-1] TRACE BaseClass - This is a Trace message
2025-12-28 01:06:28 [TestNG-test-OrangeHRMTest-1] DEBUG BaseClass - This is a Debug message
2025-12-28 01:06:28 [TestNG-test-OrangeHRMTest-1] WARN  BaseClass - This is a Warn message
2025-12-28 01:06:28 [TestNG-test-OrangeHRMTest-1] INFO  ActionDriver - WebDriver instance is created.
2025-12-28 01:06:28 [TestNG-test-OrangeHRMTest-1] INFO  BaseClass - ActionDriver Initialized for Thread: 37
2025-12-28 01:06:28 [TestNG-test-OrangeHRMTest-3] INFO  BaseClass - WebDriver Initialized and Browser Maximized
2025-12-28 01:06:28 [TestNG-test-OrangeHRMTest-3] TRACE BaseClass - This is a Trace message
2025-12-28 01:06:28 [TestNG-test-OrangeHRMTest-3] DEBUG BaseClass - This is a Debug message
2025-12-28 01:06:28 [TestNG-test-OrangeHRMTest-3] WARN  BaseClass - This is a Warn message
2025-12-28 01:06:28 [TestNG-test-OrangeHRMTest-3] INFO  ActionDriver - WebDriver instance is created.
2025-12-28 01:06:28 [TestNG-test-OrangeHRMTest-3] INFO  BaseClass - ActionDriver Initialized for Thread: 39
2025-12-28 01:06:29 [TestNG-test-OrangeHRMTest-1] INFO  BaseClass - WebDriver instance is closed
2025-12-28 01:06:29 [TestNG-test-OrangeHRMTest-3] INFO  ActionDriver - Entered text on: Element with name: username-->Admin
2025-12-28 01:06:29 [TestNG-test-OrangeHRMTest-4] INFO  BaseClass - WebDriver Initialized and Browser Maximized
2025-12-28 01:06:29 [TestNG-test-OrangeHRMTest-4] TRACE BaseClass - This is a Trace message
2025-12-28 01:06:29 [TestNG-test-OrangeHRMTest-4] DEBUG BaseClass - This is a Debug message
2025-12-28 01:06:29 [TestNG-test-OrangeHRMTest-4] WARN  BaseClass - This is a Warn message
2025-12-28 01:06:29 [TestNG-test-OrangeHRMTest-4] INFO  ActionDriver - WebDriver instance is created.
2025-12-28 01:06:29 [TestNG-test-OrangeHRMTest-4] INFO  BaseClass - ActionDriver Initialized for Thread: 40
2025-12-28 01:06:30 [TestNG-test-OrangeHRMTest-3] INFO  ActionDriver - Entered text on: Element with name: password-->admin
2025-12-28 01:06:30 [TestNG-test-OrangeHRMTest-4] INFO  ActionDriver - Entered text on: Element with name: username-->admin
2025-12-28 01:06:30 [TestNG-test-OrangeHRMTest-3] INFO  ActionDriver - Clicked an element--> Element with text: Login
2025-12-28 01:06:30 [TestNG-test-OrangeHRMTest-4] INFO  ActionDriver - Entered text on: Element with name: password-->admin123
2025-12-28 01:06:30 [TestNG-test-OrangeHRMTest-4] INFO  ActionDriver - Clicked an element--> Element with text: Login
2025-12-28 01:06:32 [TestNG-test-OrangeHRMTest-3] INFO  ActionDriver - Texts are Matching: Invalid credentials equals Invalid credentials
2025-12-28 01:06:32 [TestNG-test-OrangeHRMTest-4] INFO  ActionDriver - Element is displayed: Unable to describe the element
2025-12-28 01:06:33 [TestNG-test-OrangeHRMTest-3] INFO  BaseClass - WebDriver instance is closed
2025-12-28 01:06:33 [TestNG-test-OrangeHRMTest-4] INFO  BaseClass - WebDriver instance is closed
2025-12-28 01:06:35 [TestNG-test-OrangeHRMTest-3] INFO  BaseClass - ChromeDriver Instance is created
2025-12-28 01:06:40 [TestNG-test-OrangeHRMTest-3] INFO  BaseClass - WebDriver Initialized and Browser Maximized
2025-12-28 01:06:40 [TestNG-test-OrangeHRMTest-3] TRACE BaseClass - This is a Trace message
2025-12-28 01:06:40 [TestNG-test-OrangeHRMTest-3] DEBUG BaseClass - This is a Debug message
2025-12-28 01:06:40 [TestNG-test-OrangeHRMTest-3] WARN  BaseClass - This is a Warn message
2025-12-28 01:06:40 [TestNG-test-OrangeHRMTest-3] INFO  ActionDriver - WebDriver instance is created.
2025-12-28 01:06:40 [TestNG-test-OrangeHRMTest-3] INFO  BaseClass - ActionDriver Initialized for Thread: 39
2025-12-28 01:06:40 [TestNG-test-OrangeHRMTest-3] INFO  ActionDriver - Entered text on: Element with name: username-->Admin
2025-12-28 01:06:40 [TestNG-test-OrangeHRMTest-3] INFO  ActionDriver - Entered text on: Element with name: password-->admin123
2025-12-28 01:06:40 [TestNG-test-OrangeHRMTest-3] INFO  ActionDriver - Clicked an element--> Element with text: Login
2025-12-28 01:06:42 [TestNG-test-OrangeHRMTest-3] INFO  ActionDriver - Element is displayed: Element with text: Admin
2025-12-28 01:06:43 [TestNG-test-OrangeHRMTest-3] INFO  ActionDriver - Clicked an element--> Element with text: RRR user
2025-12-28 01:06:44 [TestNG-test-OrangeHRMTest-3] INFO  ActionDriver - Clicked an element--> Element with text: Logout
2025-12-28 01:06:47 [TestNG-test-OrangeHRMTest-3] INFO  BaseClass - WebDriver instance is closed
2025-12-28 15:00:06 [main] INFO  Logger - [TestNG] Running:
  E:\SeleniumFramework\OrangeHRMProject\src\test\resources\testng.xml

2025-12-28 15:00:06 [main] INFO  BaseClass - config.properties loaded
2025-12-28 15:00:16 [TestNG-test-OrangeHRMTest-1] INFO  BaseClass - ChromeDriver Instance is created
2025-12-28 15:00:16 [TestNG-test-OrangeHRMTest-3] INFO  BaseClass - ChromeDriver Instance is created
2025-12-28 15:00:16 [TestNG-test-OrangeHRMTest-2] INFO  BaseClass - ChromeDriver Instance is created
2025-12-28 15:00:16 [TestNG-test-OrangeHRMTest-4] INFO  BaseClass - ChromeDriver Instance is created
2025-12-28 15:00:19 [TestNG-test-OrangeHRMTest-4] INFO  BaseClass - WebDriver Initialized and Browser Maximized
2025-12-28 15:00:19 [TestNG-test-OrangeHRMTest-4] TRACE BaseClass - This is a Trace message
2025-12-28 15:00:19 [TestNG-test-OrangeHRMTest-4] DEBUG BaseClass - This is a Debug message
2025-12-28 15:00:19 [TestNG-test-OrangeHRMTest-4] WARN  BaseClass - This is a Warn message
2025-12-28 15:00:19 [TestNG-test-OrangeHRMTest-4] INFO  ActionDriver - WebDriver instance is created.
2025-12-28 15:00:19 [TestNG-test-OrangeHRMTest-4] INFO  BaseClass - ActionDriver Initialized for Thread: 42
2025-12-28 15:00:22 [TestNG-test-OrangeHRMTest-1] INFO  BaseClass - WebDriver Initialized and Browser Maximized
2025-12-28 15:00:22 [TestNG-test-OrangeHRMTest-1] TRACE BaseClass - This is a Trace message
2025-12-28 15:00:22 [TestNG-test-OrangeHRMTest-3] INFO  BaseClass - WebDriver Initialized and Browser Maximized
2025-12-28 15:00:22 [TestNG-test-OrangeHRMTest-3] TRACE BaseClass - This is a Trace message
2025-12-28 15:00:22 [TestNG-test-OrangeHRMTest-3] DEBUG BaseClass - This is a Debug message
2025-12-28 15:00:22 [TestNG-test-OrangeHRMTest-1] DEBUG BaseClass - This is a Debug message
2025-12-28 15:00:22 [TestNG-test-OrangeHRMTest-3] WARN  BaseClass - This is a Warn message
2025-12-28 15:00:22 [TestNG-test-OrangeHRMTest-1] WARN  BaseClass - This is a Warn message
2025-12-28 15:00:22 [TestNG-test-OrangeHRMTest-1] INFO  ActionDriver - WebDriver instance is created.
2025-12-28 15:00:22 [TestNG-test-OrangeHRMTest-3] INFO  ActionDriver - WebDriver instance is created.
2025-12-28 15:00:22 [TestNG-test-OrangeHRMTest-3] INFO  BaseClass - ActionDriver Initialized for Thread: 41
2025-12-28 15:00:22 [TestNG-test-OrangeHRMTest-1] INFO  BaseClass - ActionDriver Initialized for Thread: 39
2025-12-28 15:00:24 [TestNG-test-OrangeHRMTest-1] INFO  BaseClass - WebDriver instance is closed
2025-12-28 15:00:24 [TestNG-test-OrangeHRMTest-3] INFO  ActionDriver - Entered text on: Element with name: username-->Admin
2025-12-28 15:00:24 [TestNG-test-OrangeHRMTest-4] INFO  ActionDriver - Entered text on: Element with name: username-->admin
2025-12-28 15:00:25 [TestNG-test-OrangeHRMTest-3] INFO  ActionDriver - Entered text on: Element with name: password-->admin
2025-12-28 15:00:25 [TestNG-test-OrangeHRMTest-4] INFO  ActionDriver - Entered text on: Element with name: password-->admin123
2025-12-28 15:00:25 [TestNG-test-OrangeHRMTest-2] INFO  BaseClass - WebDriver Initialized and Browser Maximized
2025-12-28 15:00:25 [TestNG-test-OrangeHRMTest-2] TRACE BaseClass - This is a Trace message
2025-12-28 15:00:25 [TestNG-test-OrangeHRMTest-2] DEBUG BaseClass - This is a Debug message
2025-12-28 15:00:25 [TestNG-test-OrangeHRMTest-2] WARN  BaseClass - This is a Warn message
2025-12-28 15:00:25 [TestNG-test-OrangeHRMTest-2] INFO  ActionDriver - WebDriver instance is created.
2025-12-28 15:00:25 [TestNG-test-OrangeHRMTest-2] INFO  BaseClass - ActionDriver Initialized for Thread: 40
2025-12-28 15:00:26 [TestNG-test-OrangeHRMTest-3] INFO  ActionDriver - Clicked an element--> Element with text: Login
2025-12-28 15:00:27 [TestNG-test-OrangeHRMTest-2] INFO  BaseClass - WebDriver instance is closed
2025-12-28 15:00:28 [TestNG-test-OrangeHRMTest-3] INFO  ActionDriver - Texts are Matching: Invalid credentials equals Invalid credentials
2025-12-28 15:00:28 [TestNG-test-OrangeHRMTest-4] INFO  ActionDriver - Clicked an element--> Element with text: Login
2025-12-28 15:00:28 [TestNG-test-OrangeHRMTest-4] INFO  ActionDriver - Element is displayed: Unable to describe the element
2025-12-28 15:00:28 [TestNG-test-OrangeHRMTest-3] INFO  BaseClass - WebDriver instance is closed
2025-12-28 15:00:30 [TestNG-test-OrangeHRMTest-4] INFO  BaseClass - WebDriver instance is closed
2025-12-28 15:00:30 [TestNG-test-OrangeHRMTest-3] INFO  BaseClass - ChromeDriver Instance is created
2025-12-28 15:00:36 [TestNG-test-OrangeHRMTest-3] INFO  BaseClass - WebDriver Initialized and Browser Maximized
2025-12-28 15:00:36 [TestNG-test-OrangeHRMTest-3] TRACE BaseClass - This is a Trace message
2025-12-28 15:00:36 [TestNG-test-OrangeHRMTest-3] DEBUG BaseClass - This is a Debug message
2025-12-28 15:00:36 [TestNG-test-OrangeHRMTest-3] WARN  BaseClass - This is a Warn message
2025-12-28 15:00:36 [TestNG-test-OrangeHRMTest-3] INFO  ActionDriver - WebDriver instance is created.
2025-12-28 15:00:36 [TestNG-test-OrangeHRMTest-3] INFO  BaseClass - ActionDriver Initialized for Thread: 41
2025-12-28 15:00:36 [TestNG-test-OrangeHRMTest-3] INFO  ActionDriver - Entered text on: Element with name: username-->Admin
2025-12-28 15:00:37 [TestNG-test-OrangeHRMTest-3] INFO  ActionDriver - Entered text on: Element with name: password-->admin123
2025-12-28 15:00:37 [TestNG-test-OrangeHRMTest-3] INFO  ActionDriver - Clicked an element--> Element with text: Login
2025-12-28 15:00:39 [TestNG-test-OrangeHRMTest-3] INFO  ActionDriver - Element is displayed: Element with text: Admin
2025-12-28 15:00:40 [TestNG-test-OrangeHRMTest-3] INFO  ActionDriver - Clicked an element--> Element with text: John Wild
2025-12-28 15:00:41 [TestNG-test-OrangeHRMTest-3] INFO  ActionDriver - Clicked an element--> Element with text: Logout
2025-12-28 15:00:43 [TestNG-test-OrangeHRMTest-3] INFO  BaseClass - WebDriver instance is closed
2025-12-28 16:17:59 [main] INFO  Logger - [TestNG] Running:
  E:\SeleniumFramework\OrangeHRMProject\src\test\resources\testng.xml

2025-12-28 16:17:59 [main] INFO  BaseClass - config.properties loaded
2025-12-28 16:18:05 [TestNG-test-OrangeHRMTest-3] INFO  BaseClass - ChromeDriver Instance is created
2025-12-28 16:18:05 [TestNG-test-OrangeHRMTest-2] INFO  BaseClass - ChromeDriver Instance is created
2025-12-28 16:18:05 [TestNG-test-OrangeHRMTest-4] INFO  BaseClass - ChromeDriver Instance is created
2025-12-28 16:18:05 [TestNG-test-OrangeHRMTest-1] INFO  BaseClass - ChromeDriver Instance is created
2025-12-28 16:18:11 [TestNG-test-OrangeHRMTest-1] INFO  BaseClass - WebDriver Initialized and Browser Maximized
2025-12-28 16:18:11 [TestNG-test-OrangeHRMTest-1] TRACE BaseClass - This is a Trace message
2025-12-28 16:18:11 [TestNG-test-OrangeHRMTest-1] DEBUG BaseClass - This is a Debug message
2025-12-28 16:18:11 [TestNG-test-OrangeHRMTest-1] WARN  BaseClass - This is a Warn message
2025-12-28 16:18:11 [TestNG-test-OrangeHRMTest-1] INFO  ActionDriver - WebDriver instance is created.
2025-12-28 16:18:11 [TestNG-test-OrangeHRMTest-1] INFO  BaseClass - ActionDriver Initialized for Thread: 36
2025-12-28 16:18:11 [TestNG-test-OrangeHRMTest-3] INFO  BaseClass - WebDriver Initialized and Browser Maximized
2025-12-28 16:18:11 [TestNG-test-OrangeHRMTest-3] TRACE BaseClass - This is a Trace message
2025-12-28 16:18:11 [TestNG-test-OrangeHRMTest-3] DEBUG BaseClass - This is a Debug message
2025-12-28 16:18:11 [TestNG-test-OrangeHRMTest-3] WARN  BaseClass - This is a Warn message
2025-12-28 16:18:11 [TestNG-test-OrangeHRMTest-3] INFO  ActionDriver - WebDriver instance is created.
2025-12-28 16:18:11 [TestNG-test-OrangeHRMTest-3] INFO  BaseClass - ActionDriver Initialized for Thread: 38
2025-12-28 16:18:11 [TestNG-test-OrangeHRMTest-2] INFO  BaseClass - WebDriver Initialized and Browser Maximized
2025-12-28 16:18:11 [TestNG-test-OrangeHRMTest-2] TRACE BaseClass - This is a Trace message
2025-12-28 16:18:11 [TestNG-test-OrangeHRMTest-2] DEBUG BaseClass - This is a Debug message
2025-12-28 16:18:11 [TestNG-test-OrangeHRMTest-2] WARN  BaseClass - This is a Warn message
2025-12-28 16:18:11 [TestNG-test-OrangeHRMTest-2] INFO  ActionDriver - WebDriver instance is created.
2025-12-28 16:18:11 [TestNG-test-OrangeHRMTest-4] INFO  BaseClass - WebDriver Initialized and Browser Maximized
2025-12-28 16:18:11 [TestNG-test-OrangeHRMTest-2] INFO  BaseClass - ActionDriver Initialized for Thread: 37
2025-12-28 16:18:11 [TestNG-test-OrangeHRMTest-4] TRACE BaseClass - This is a Trace message
2025-12-28 16:18:11 [TestNG-test-OrangeHRMTest-4] DEBUG BaseClass - This is a Debug message
2025-12-28 16:18:11 [TestNG-test-OrangeHRMTest-4] WARN  BaseClass - This is a Warn message
2025-12-28 16:18:11 [TestNG-test-OrangeHRMTest-4] INFO  ActionDriver - WebDriver instance is created.
2025-12-28 16:18:11 [TestNG-test-OrangeHRMTest-4] INFO  BaseClass - ActionDriver Initialized for Thread: 39
2025-12-28 16:18:12 [TestNG-test-OrangeHRMTest-3] INFO  BaseClass - WebDriver instance is closed
2025-12-28 16:18:12 [TestNG-test-OrangeHRMTest-1] INFO  BaseClass - WebDriver instance is closed
2025-12-28 16:18:12 [TestNG-test-OrangeHRMTest-4] INFO  BaseClass - WebDriver instance is closed
2025-12-28 16:18:12 [TestNG-test-OrangeHRMTest-2] INFO  BaseClass - WebDriver instance is closed
2025-12-28 16:18:13 [TestNG-test-OrangeHRMTest-3] INFO  BaseClass - ChromeDriver Instance is created
2025-12-28 16:18:19 [TestNG-test-OrangeHRMTest-3] INFO  BaseClass - WebDriver Initialized and Browser Maximized
2025-12-28 16:18:19 [TestNG-test-OrangeHRMTest-3] TRACE BaseClass - This is a Trace message
2025-12-28 16:18:19 [TestNG-test-OrangeHRMTest-3] DEBUG BaseClass - This is a Debug message
2025-12-28 16:18:19 [TestNG-test-OrangeHRMTest-3] WARN  BaseClass - This is a Warn message
2025-12-28 16:18:19 [TestNG-test-OrangeHRMTest-3] INFO  ActionDriver - WebDriver instance is created.
2025-12-28 16:18:19 [TestNG-test-OrangeHRMTest-3] INFO  BaseClass - ActionDriver Initialized for Thread: 38
2025-12-28 16:18:19 [TestNG-test-OrangeHRMTest-3] INFO  BaseClass - WebDriver instance is closed
2025-12-28 16:46:57 [main] INFO  Logger - [TestNG] Running:
  E:\SeleniumFramework\OrangeHRMProject\src\test\resources\testng.xml

2025-12-28 16:46:57 [main] INFO  BaseClass - config.properties loaded
2025-12-28 16:47:01 [TestNG-test-OrangeHRMTest-4] INFO  BaseClass - ChromeDriver Instance is created
2025-12-28 16:47:01 [TestNG-test-OrangeHRMTest-3] INFO  BaseClass - ChromeDriver Instance is created
2025-12-28 16:47:01 [TestNG-test-OrangeHRMTest-2] INFO  BaseClass - ChromeDriver Instance is created
2025-12-28 16:47:01 [TestNG-test-OrangeHRMTest-1] INFO  BaseClass - ChromeDriver Instance is created
2025-12-28 16:47:06 [TestNG-test-OrangeHRMTest-4] INFO  BaseClass - WebDriver Initialized and Browser Maximized
2025-12-28 16:47:06 [TestNG-test-OrangeHRMTest-4] TRACE BaseClass - This is a Trace message
2025-12-28 16:47:06 [TestNG-test-OrangeHRMTest-4] DEBUG BaseClass - This is a Debug message
2025-12-28 16:47:07 [TestNG-test-OrangeHRMTest-4] WARN  BaseClass - This is a Warn message
2025-12-28 16:47:07 [TestNG-test-OrangeHRMTest-4] INFO  ActionDriver - WebDriver instance is created.
2025-12-28 16:47:07 [TestNG-test-OrangeHRMTest-4] INFO  BaseClass - ActionDriver Initialized for Thread: 40
2025-12-28 16:47:07 [TestNG-test-OrangeHRMTest-4] INFO  ActionDriver - Entered text on: Element with name: username-->admin
2025-12-28 16:47:08 [TestNG-test-OrangeHRMTest-2] INFO  BaseClass - WebDriver Initialized and Browser Maximized
2025-12-28 16:47:08 [TestNG-test-OrangeHRMTest-2] TRACE BaseClass - This is a Trace message
2025-12-28 16:47:08 [TestNG-test-OrangeHRMTest-2] DEBUG BaseClass - This is a Debug message
2025-12-28 16:47:08 [TestNG-test-OrangeHRMTest-1] INFO  BaseClass - WebDriver Initialized and Browser Maximized
2025-12-28 16:47:08 [TestNG-test-OrangeHRMTest-1] TRACE BaseClass - This is a Trace message
2025-12-28 16:47:08 [TestNG-test-OrangeHRMTest-2] WARN  BaseClass - This is a Warn message
2025-12-28 16:47:08 [TestNG-test-OrangeHRMTest-1] DEBUG BaseClass - This is a Debug message
2025-12-28 16:47:08 [TestNG-test-OrangeHRMTest-1] WARN  BaseClass - This is a Warn message
2025-12-28 16:47:08 [TestNG-test-OrangeHRMTest-2] INFO  ActionDriver - WebDriver instance is created.
2025-12-28 16:47:08 [TestNG-test-OrangeHRMTest-2] INFO  BaseClass - ActionDriver Initialized for Thread: 38
2025-12-28 16:47:08 [TestNG-test-OrangeHRMTest-1] INFO  ActionDriver - WebDriver instance is created.
2025-12-28 16:47:08 [TestNG-test-OrangeHRMTest-1] INFO  BaseClass - ActionDriver Initialized for Thread: 37
2025-12-28 16:47:09 [TestNG-test-OrangeHRMTest-3] INFO  BaseClass - WebDriver Initialized and Browser Maximized
2025-12-28 16:47:09 [TestNG-test-OrangeHRMTest-3] TRACE BaseClass - This is a Trace message
2025-12-28 16:47:09 [TestNG-test-OrangeHRMTest-3] DEBUG BaseClass - This is a Debug message
2025-12-28 16:47:09 [TestNG-test-OrangeHRMTest-3] WARN  BaseClass - This is a Warn message
2025-12-28 16:47:09 [TestNG-test-OrangeHRMTest-3] INFO  ActionDriver - WebDriver instance is created.
2025-12-28 16:47:09 [TestNG-test-OrangeHRMTest-3] INFO  BaseClass - ActionDriver Initialized for Thread: 39
2025-12-28 16:47:09 [TestNG-test-OrangeHRMTest-4] INFO  ActionDriver - Entered text on: Element with name: password-->admin123
2025-12-28 16:47:09 [TestNG-test-OrangeHRMTest-1] INFO  BaseClass - WebDriver instance is closed
2025-12-28 16:47:09 [TestNG-test-OrangeHRMTest-2] INFO  BaseClass - WebDriver instance is closed
2025-12-28 16:47:09 [TestNG-test-OrangeHRMTest-4] INFO  ActionDriver - Clicked an element--> Element with text: Login
2025-12-28 16:47:09 [TestNG-test-OrangeHRMTest-3] INFO  ActionDriver - Entered text on: Element with name: username-->Admin
2025-12-28 16:47:10 [TestNG-test-OrangeHRMTest-3] INFO  ActionDriver - Entered text on: Element with name: password-->admin
2025-12-28 16:47:10 [TestNG-test-OrangeHRMTest-3] INFO  ActionDriver - Clicked an element--> Element with text: Login
2025-12-28 16:47:11 [TestNG-test-OrangeHRMTest-4] INFO  ActionDriver - Element is displayed: Unable to describe the element
2025-12-28 16:47:12 [TestNG-test-OrangeHRMTest-3] INFO  ActionDriver - Texts are Matching: Invalid credentials equals Invalid credentials
2025-12-28 16:47:12 [TestNG-test-OrangeHRMTest-4] INFO  BaseClass - WebDriver instance is closed
2025-12-28 16:47:12 [TestNG-test-OrangeHRMTest-3] INFO  BaseClass - WebDriver instance is closed
2025-12-28 16:47:14 [TestNG-test-OrangeHRMTest-3] INFO  BaseClass - ChromeDriver Instance is created
2025-12-28 16:47:19 [TestNG-test-OrangeHRMTest-3] INFO  BaseClass - WebDriver Initialized and Browser Maximized
2025-12-28 16:47:19 [TestNG-test-OrangeHRMTest-3] TRACE BaseClass - This is a Trace message
2025-12-28 16:47:19 [TestNG-test-OrangeHRMTest-3] DEBUG BaseClass - This is a Debug message
2025-12-28 16:47:19 [TestNG-test-OrangeHRMTest-3] WARN  BaseClass - This is a Warn message
2025-12-28 16:47:19 [TestNG-test-OrangeHRMTest-3] INFO  ActionDriver - WebDriver instance is created.
2025-12-28 16:47:19 [TestNG-test-OrangeHRMTest-3] INFO  BaseClass - ActionDriver Initialized for Thread: 39
2025-12-28 16:47:20 [TestNG-test-OrangeHRMTest-3] INFO  ActionDriver - Entered text on: Element with name: username-->Admin
2025-12-28 16:47:20 [TestNG-test-OrangeHRMTest-3] INFO  ActionDriver - Entered text on: Element with name: password-->admin123
2025-12-28 16:47:21 [TestNG-test-OrangeHRMTest-3] INFO  ActionDriver - Clicked an element--> Element with text: Login
2025-12-28 16:47:22 [TestNG-test-OrangeHRMTest-3] INFO  ActionDriver - Element is displayed: Element with text: Admin
2025-12-28 16:47:23 [TestNG-test-OrangeHRMTest-3] INFO  ActionDriver - Clicked an element--> Element with text: manda user
2025-12-28 16:47:25 [TestNG-test-OrangeHRMTest-3] INFO  ActionDriver - Clicked an element--> Element with text: Logout
2025-12-28 16:47:31 [TestNG-test-OrangeHRMTest-3] INFO  BaseClass - WebDriver instance is closed
2025-12-28 16:47:56 [main] INFO  Logger - [TestNG] Running:
  E:\SeleniumFramework\OrangeHRMProject\src\test\resources\testng.xml

2025-12-28 16:47:56 [main] INFO  BaseClass - config.properties loaded
2025-12-28 16:47:59 [TestNG-test-OrangeHRMTest-2] INFO  BaseClass - ChromeDriver Instance is created
2025-12-28 16:47:59 [TestNG-test-OrangeHRMTest-1] INFO  BaseClass - ChromeDriver Instance is created
2025-12-28 16:47:59 [TestNG-test-OrangeHRMTest-4] INFO  BaseClass - ChromeDriver Instance is created
2025-12-28 16:47:59 [TestNG-test-OrangeHRMTest-3] INFO  BaseClass - ChromeDriver Instance is created
2025-12-28 16:48:05 [TestNG-test-OrangeHRMTest-2] INFO  BaseClass - WebDriver Initialized and Browser Maximized
2025-12-28 16:48:05 [TestNG-test-OrangeHRMTest-2] TRACE BaseClass - This is a Trace message
2025-12-28 16:48:05 [TestNG-test-OrangeHRMTest-2] DEBUG BaseClass - This is a Debug message
2025-12-28 16:48:05 [TestNG-test-OrangeHRMTest-2] WARN  BaseClass - This is a Warn message
2025-12-28 16:48:05 [TestNG-test-OrangeHRMTest-2] INFO  ActionDriver - WebDriver instance is created.
2025-12-28 16:48:05 [TestNG-test-OrangeHRMTest-2] INFO  BaseClass - ActionDriver Initialized for Thread: 39
2025-12-28 16:48:05 [TestNG-test-OrangeHRMTest-3] INFO  BaseClass - WebDriver Initialized and Browser Maximized
2025-12-28 16:48:05 [TestNG-test-OrangeHRMTest-4] INFO  BaseClass - WebDriver Initialized and Browser Maximized
2025-12-28 16:48:05 [TestNG-test-OrangeHRMTest-3] TRACE BaseClass - This is a Trace message
2025-12-28 16:48:05 [TestNG-test-OrangeHRMTest-4] TRACE BaseClass - This is a Trace message
2025-12-28 16:48:05 [TestNG-test-OrangeHRMTest-3] DEBUG BaseClass - This is a Debug message
2025-12-28 16:48:05 [TestNG-test-OrangeHRMTest-4] DEBUG BaseClass - This is a Debug message
2025-12-28 16:48:05 [TestNG-test-OrangeHRMTest-4] WARN  BaseClass - This is a Warn message
2025-12-28 16:48:05 [TestNG-test-OrangeHRMTest-4] INFO  ActionDriver - WebDriver instance is created.
2025-12-28 16:48:05 [TestNG-test-OrangeHRMTest-3] WARN  BaseClass - This is a Warn message
2025-12-28 16:48:05 [TestNG-test-OrangeHRMTest-4] INFO  BaseClass - ActionDriver Initialized for Thread: 41
2025-12-28 16:48:05 [TestNG-test-OrangeHRMTest-3] INFO  ActionDriver - WebDriver instance is created.
2025-12-28 16:48:05 [TestNG-test-OrangeHRMTest-3] INFO  BaseClass - ActionDriver Initialized for Thread: 40
2025-12-28 16:48:06 [TestNG-test-OrangeHRMTest-4] INFO  ActionDriver - Entered text on: Element with name: username-->admin
2025-12-28 16:48:06 [TestNG-test-OrangeHRMTest-3] INFO  ActionDriver - Entered text on: Element with name: username-->Admin
2025-12-28 16:48:06 [TestNG-test-OrangeHRMTest-1] INFO  BaseClass - WebDriver Initialized and Browser Maximized
2025-12-28 16:48:06 [TestNG-test-OrangeHRMTest-1] TRACE BaseClass - This is a Trace message
2025-12-28 16:48:06 [TestNG-test-OrangeHRMTest-1] DEBUG BaseClass - This is a Debug message
2025-12-28 16:48:06 [TestNG-test-OrangeHRMTest-1] WARN  BaseClass - This is a Warn message
2025-12-28 16:48:06 [TestNG-test-OrangeHRMTest-1] INFO  ActionDriver - WebDriver instance is created.
2025-12-28 16:48:06 [TestNG-test-OrangeHRMTest-1] INFO  BaseClass - ActionDriver Initialized for Thread: 38
2025-12-28 16:48:06 [TestNG-test-OrangeHRMTest-4] INFO  ActionDriver - Entered text on: Element with name: password-->admin123
2025-12-28 16:48:06 [TestNG-test-OrangeHRMTest-3] INFO  ActionDriver - Entered text on: Element with name: password-->admin
2025-12-28 16:48:07 [TestNG-test-OrangeHRMTest-4] INFO  ActionDriver - Clicked an element--> Element with text: Login
2025-12-28 16:48:07 [TestNG-test-OrangeHRMTest-3] INFO  ActionDriver - Clicked an element--> Element with text: Login
2025-12-28 16:48:07 [TestNG-test-OrangeHRMTest-2] INFO  BaseClass - WebDriver instance is closed
2025-12-28 16:48:07 [TestNG-test-OrangeHRMTest-1] INFO  BaseClass - WebDriver instance is closed
2025-12-28 16:48:08 [TestNG-test-OrangeHRMTest-3] INFO  ActionDriver - Texts are Matching: Invalid credentials equals Invalid credentials
2025-12-28 16:48:08 [TestNG-test-OrangeHRMTest-4] INFO  ActionDriver - Element is displayed: Unable to describe the element
2025-12-28 16:48:10 [TestNG-test-OrangeHRMTest-3] INFO  BaseClass - WebDriver instance is closed
2025-12-28 16:48:10 [TestNG-test-OrangeHRMTest-4] INFO  BaseClass - WebDriver instance is closed
2025-12-28 16:48:11 [TestNG-test-OrangeHRMTest-3] INFO  BaseClass - ChromeDriver Instance is created
2025-12-28 16:48:16 [TestNG-test-OrangeHRMTest-3] INFO  BaseClass - WebDriver Initialized and Browser Maximized
2025-12-28 16:48:16 [TestNG-test-OrangeHRMTest-3] TRACE BaseClass - This is a Trace message
2025-12-28 16:48:16 [TestNG-test-OrangeHRMTest-3] DEBUG BaseClass - This is a Debug message
2025-12-28 16:48:16 [TestNG-test-OrangeHRMTest-3] WARN  BaseClass - This is a Warn message
2025-12-28 16:48:16 [TestNG-test-OrangeHRMTest-3] INFO  ActionDriver - WebDriver instance is created.
2025-12-28 16:48:16 [TestNG-test-OrangeHRMTest-3] INFO  BaseClass - ActionDriver Initialized for Thread: 40
2025-12-28 16:48:17 [TestNG-test-OrangeHRMTest-3] INFO  ActionDriver - Entered text on: Element with name: username-->Admin
2025-12-28 16:48:17 [TestNG-test-OrangeHRMTest-3] INFO  ActionDriver - Entered text on: Element with name: password-->admin123
2025-12-28 16:48:18 [TestNG-test-OrangeHRMTest-3] INFO  ActionDriver - Clicked an element--> Element with text: Login
2025-12-28 16:48:19 [TestNG-test-OrangeHRMTest-3] INFO  ActionDriver - Element is displayed: Element with text: Admin
2025-12-28 16:48:20 [TestNG-test-OrangeHRMTest-3] INFO  ActionDriver - Clicked an element--> Element with text: manda user
2025-12-28 16:48:22 [TestNG-test-OrangeHRMTest-3] INFO  ActionDriver - Clicked an element--> Element with text: Logout
2025-12-28 16:48:26 [TestNG-test-OrangeHRMTest-3] INFO  BaseClass - WebDriver instance is closed
2025-12-28 16:52:06 [main] INFO  Logger - [TestNG] Running:
  E:\SeleniumFramework\OrangeHRMProject\src\test\resources\testng.xml

2025-12-28 16:52:06 [main] INFO  BaseClass - config.properties loaded
2025-12-28 16:52:10 [TestNG-test-OrangeHRMTest-4] INFO  BaseClass - ChromeDriver Instance is created
2025-12-28 16:52:10 [TestNG-test-OrangeHRMTest-2] INFO  BaseClass - ChromeDriver Instance is created
2025-12-28 16:52:10 [TestNG-test-OrangeHRMTest-3] INFO  BaseClass - ChromeDriver Instance is created
2025-12-28 16:52:10 [TestNG-test-OrangeHRMTest-1] INFO  BaseClass - ChromeDriver Instance is created
2025-12-28 16:52:16 [TestNG-test-OrangeHRMTest-3] INFO  BaseClass - WebDriver Initialized and Browser Maximized
2025-12-28 16:52:16 [TestNG-test-OrangeHRMTest-3] TRACE BaseClass - This is a Trace message
2025-12-28 16:52:16 [TestNG-test-OrangeHRMTest-3] DEBUG BaseClass - This is a Debug message
2025-12-28 16:52:16 [TestNG-test-OrangeHRMTest-3] WARN  BaseClass - This is a Warn message
2025-12-28 16:52:16 [TestNG-test-OrangeHRMTest-3] INFO  ActionDriver - WebDriver instance is created.
2025-12-28 16:52:16 [TestNG-test-OrangeHRMTest-3] INFO  BaseClass - ActionDriver Initialized for Thread: 39
2025-12-28 16:52:17 [TestNG-test-OrangeHRMTest-1] INFO  BaseClass - WebDriver Initialized and Browser Maximized
2025-12-28 16:52:17 [TestNG-test-OrangeHRMTest-1] TRACE BaseClass - This is a Trace message
2025-12-28 16:52:17 [TestNG-test-OrangeHRMTest-1] DEBUG BaseClass - This is a Debug message
2025-12-28 16:52:17 [TestNG-test-OrangeHRMTest-1] WARN  BaseClass - This is a Warn message
2025-12-28 16:52:17 [TestNG-test-OrangeHRMTest-1] INFO  ActionDriver - WebDriver instance is created.
2025-12-28 16:52:17 [TestNG-test-OrangeHRMTest-1] INFO  BaseClass - ActionDriver Initialized for Thread: 37
2025-12-28 16:52:17 [TestNG-test-OrangeHRMTest-4] INFO  BaseClass - WebDriver Initialized and Browser Maximized
2025-12-28 16:52:17 [TestNG-test-OrangeHRMTest-4] TRACE BaseClass - This is a Trace message
2025-12-28 16:52:17 [TestNG-test-OrangeHRMTest-4] DEBUG BaseClass - This is a Debug message
2025-12-28 16:52:17 [TestNG-test-OrangeHRMTest-4] WARN  BaseClass - This is a Warn message
2025-12-28 16:52:17 [TestNG-test-OrangeHRMTest-4] INFO  ActionDriver - WebDriver instance is created.
2025-12-28 16:52:17 [TestNG-test-OrangeHRMTest-4] INFO  BaseClass - ActionDriver Initialized for Thread: 40
2025-12-28 16:52:17 [TestNG-test-OrangeHRMTest-3] INFO  ActionDriver - Entered text on: Element with name: username-->Admin
2025-12-28 16:52:17 [TestNG-test-OrangeHRMTest-4] INFO  ActionDriver - Entered text on: Element with name: username-->admin
2025-12-28 16:52:18 [TestNG-test-OrangeHRMTest-3] INFO  ActionDriver - Entered text on: Element with name: password-->admin
2025-12-28 16:52:18 [TestNG-test-OrangeHRMTest-4] INFO  ActionDriver - Entered text on: Element with name: password-->admin123
2025-12-28 16:52:18 [TestNG-test-OrangeHRMTest-3] INFO  ActionDriver - Clicked an element--> Element with text: Login
2025-12-28 16:52:19 [TestNG-test-OrangeHRMTest-1] INFO  BaseClass - WebDriver instance is closed
2025-12-28 16:52:20 [TestNG-test-OrangeHRMTest-4] INFO  ActionDriver - Clicked an element--> Element with text: Login
2025-12-28 16:52:21 [TestNG-test-OrangeHRMTest-2] INFO  BaseClass - WebDriver Initialized and Browser Maximized
2025-12-28 16:52:21 [TestNG-test-OrangeHRMTest-2] TRACE BaseClass - This is a Trace message
2025-12-28 16:52:21 [TestNG-test-OrangeHRMTest-2] DEBUG BaseClass - This is a Debug message
2025-12-28 16:52:21 [TestNG-test-OrangeHRMTest-2] WARN  BaseClass - This is a Warn message
2025-12-28 16:52:21 [TestNG-test-OrangeHRMTest-2] INFO  ActionDriver - WebDriver instance is created.
2025-12-28 16:52:21 [TestNG-test-OrangeHRMTest-2] INFO  BaseClass - ActionDriver Initialized for Thread: 38
2025-12-28 16:52:21 [TestNG-test-OrangeHRMTest-4] INFO  ActionDriver - Element is displayed: Unable to describe the element
2025-12-28 16:52:21 [TestNG-test-OrangeHRMTest-3] INFO  BaseClass - WebDriver instance is closed
2025-12-28 16:52:21 [TestNG-test-OrangeHRMTest-2] INFO  BaseClass - WebDriver instance is closed
2025-12-28 16:52:23 [TestNG-test-OrangeHRMTest-3] INFO  BaseClass - ChromeDriver Instance is created
2025-12-28 16:52:24 [TestNG-test-OrangeHRMTest-4] INFO  BaseClass - WebDriver instance is closed
2025-12-28 16:52:29 [TestNG-test-OrangeHRMTest-3] INFO  BaseClass - WebDriver Initialized and Browser Maximized
2025-12-28 16:52:29 [TestNG-test-OrangeHRMTest-3] TRACE BaseClass - This is a Trace message
2025-12-28 16:52:29 [TestNG-test-OrangeHRMTest-3] DEBUG BaseClass - This is a Debug message
2025-12-28 16:52:29 [TestNG-test-OrangeHRMTest-3] WARN  BaseClass - This is a Warn message
2025-12-28 16:52:29 [TestNG-test-OrangeHRMTest-3] INFO  ActionDriver - WebDriver instance is created.
2025-12-28 16:52:29 [TestNG-test-OrangeHRMTest-3] INFO  BaseClass - ActionDriver Initialized for Thread: 39
2025-12-28 16:52:30 [TestNG-test-OrangeHRMTest-3] INFO  ActionDriver - Entered text on: Element with name: username-->Admin
2025-12-28 16:52:30 [TestNG-test-OrangeHRMTest-3] INFO  ActionDriver - Entered text on: Element with name: password-->admin123
2025-12-28 16:52:32 [TestNG-test-OrangeHRMTest-3] INFO  ActionDriver - Clicked an element--> Element with text: Login
2025-12-28 16:52:32 [TestNG-test-OrangeHRMTest-3] INFO  ActionDriver - Element is displayed: Element with text: Admin
2025-12-28 16:52:33 [TestNG-test-OrangeHRMTest-3] INFO  ActionDriver - Clicked an element--> Element with text: manda user
2025-12-28 16:52:38 [TestNG-test-OrangeHRMTest-3] INFO  ActionDriver - Clicked an element--> Element with text: Logout
2025-12-28 16:52:40 [TestNG-test-OrangeHRMTest-3] INFO  BaseClass - WebDriver instance is closed
2025-12-28 16:54:07 [main] INFO  Logger - [TestNG] Running:
  E:\SeleniumFramework\OrangeHRMProject\src\test\resources\testng.xml

2025-12-28 16:54:07 [main] INFO  BaseClass - config.properties loaded
2025-12-28 16:54:09 [TestNG-test-OrangeHRMTest-2] INFO  BaseClass - ChromeDriver Instance is created
2025-12-28 16:54:09 [TestNG-test-OrangeHRMTest-1] INFO  BaseClass - ChromeDriver Instance is created
2025-12-28 16:54:09 [TestNG-test-OrangeHRMTest-4] INFO  BaseClass - ChromeDriver Instance is created
2025-12-28 16:54:09 [TestNG-test-OrangeHRMTest-3] INFO  BaseClass - ChromeDriver Instance is created
2025-12-28 16:54:15 [TestNG-test-OrangeHRMTest-2] INFO  BaseClass - WebDriver Initialized and Browser Maximized
2025-12-28 16:54:15 [TestNG-test-OrangeHRMTest-2] TRACE BaseClass - This is a Trace message
2025-12-28 16:54:15 [TestNG-test-OrangeHRMTest-2] DEBUG BaseClass - This is a Debug message
2025-12-28 16:54:15 [TestNG-test-OrangeHRMTest-2] WARN  BaseClass - This is a Warn message
2025-12-28 16:54:15 [TestNG-test-OrangeHRMTest-2] INFO  ActionDriver - WebDriver instance is created.
2025-12-28 16:54:15 [TestNG-test-OrangeHRMTest-2] INFO  BaseClass - ActionDriver Initialized for Thread: 38
2025-12-28 16:54:15 [TestNG-test-OrangeHRMTest-1] INFO  BaseClass - WebDriver Initialized and Browser Maximized
2025-12-28 16:54:15 [TestNG-test-OrangeHRMTest-1] TRACE BaseClass - This is a Trace message
2025-12-28 16:54:15 [TestNG-test-OrangeHRMTest-1] DEBUG BaseClass - This is a Debug message
2025-12-28 16:54:15 [TestNG-test-OrangeHRMTest-1] WARN  BaseClass - This is a Warn message
2025-12-28 16:54:15 [TestNG-test-OrangeHRMTest-1] INFO  ActionDriver - WebDriver instance is created.
2025-12-28 16:54:15 [TestNG-test-OrangeHRMTest-1] INFO  BaseClass - ActionDriver Initialized for Thread: 37
2025-12-28 16:54:15 [TestNG-test-OrangeHRMTest-1] INFO  BaseClass - WebDriver instance is closed
2025-12-28 16:54:15 [TestNG-test-OrangeHRMTest-2] INFO  BaseClass - WebDriver instance is closed
2025-12-28 16:54:16 [TestNG-test-OrangeHRMTest-4] INFO  BaseClass - WebDriver Initialized and Browser Maximized
2025-12-28 16:54:16 [TestNG-test-OrangeHRMTest-4] TRACE BaseClass - This is a Trace message
2025-12-28 16:54:16 [TestNG-test-OrangeHRMTest-4] DEBUG BaseClass - This is a Debug message
2025-12-28 16:54:16 [TestNG-test-OrangeHRMTest-4] WARN  BaseClass - This is a Warn message
2025-12-28 16:54:16 [TestNG-test-OrangeHRMTest-4] INFO  ActionDriver - WebDriver instance is created.
2025-12-28 16:54:16 [TestNG-test-OrangeHRMTest-4] INFO  BaseClass - ActionDriver Initialized for Thread: 40
2025-12-28 16:54:16 [TestNG-test-OrangeHRMTest-4] INFO  ActionDriver - Entered text on: Element with name: username-->admin
2025-12-28 16:54:17 [TestNG-test-OrangeHRMTest-4] INFO  ActionDriver - Entered text on: Element with name: password-->admin123
2025-12-28 16:54:17 [TestNG-test-OrangeHRMTest-4] INFO  ActionDriver - Clicked an element--> Element with text: Login
2025-12-28 16:54:18 [TestNG-test-OrangeHRMTest-3] INFO  BaseClass - WebDriver Initialized and Browser Maximized
2025-12-28 16:54:18 [TestNG-test-OrangeHRMTest-3] TRACE BaseClass - This is a Trace message
2025-12-28 16:54:18 [TestNG-test-OrangeHRMTest-3] DEBUG BaseClass - This is a Debug message
2025-12-28 16:54:18 [TestNG-test-OrangeHRMTest-3] WARN  BaseClass - This is a Warn message
2025-12-28 16:54:18 [TestNG-test-OrangeHRMTest-3] INFO  ActionDriver - WebDriver instance is created.
2025-12-28 16:54:18 [TestNG-test-OrangeHRMTest-3] INFO  BaseClass - ActionDriver Initialized for Thread: 39
2025-12-28 16:54:19 [TestNG-test-OrangeHRMTest-4] INFO  ActionDriver - Element is displayed: Unable to describe the element
2025-12-28 16:54:19 [TestNG-test-OrangeHRMTest-3] INFO  ActionDriver - Entered text on: Element with name: username-->Admin
2025-12-28 16:54:19 [TestNG-test-OrangeHRMTest-3] INFO  ActionDriver - Entered text on: Element with name: password-->admin
2025-12-28 16:54:20 [TestNG-test-OrangeHRMTest-3] INFO  ActionDriver - Clicked an element--> Element with text: Login
2025-12-28 16:54:20 [TestNG-test-OrangeHRMTest-4] INFO  BaseClass - WebDriver instance is closed
2025-12-28 16:54:22 [TestNG-test-OrangeHRMTest-3] INFO  BaseClass - WebDriver instance is closed
2025-12-28 16:54:23 [TestNG-test-OrangeHRMTest-3] INFO  BaseClass - ChromeDriver Instance is created
2025-12-28 16:54:29 [TestNG-test-OrangeHRMTest-3] INFO  BaseClass - WebDriver Initialized and Browser Maximized
2025-12-28 16:54:29 [TestNG-test-OrangeHRMTest-3] TRACE BaseClass - This is a Trace message
2025-12-28 16:54:29 [TestNG-test-OrangeHRMTest-3] DEBUG BaseClass - This is a Debug message
2025-12-28 16:54:29 [TestNG-test-OrangeHRMTest-3] WARN  BaseClass - This is a Warn message
2025-12-28 16:54:29 [TestNG-test-OrangeHRMTest-3] INFO  ActionDriver - WebDriver instance is created.
2025-12-28 16:54:29 [TestNG-test-OrangeHRMTest-3] INFO  BaseClass - ActionDriver Initialized for Thread: 39
2025-12-28 16:54:30 [TestNG-test-OrangeHRMTest-3] INFO  ActionDriver - Entered text on: Element with name: username-->Admin
2025-12-28 16:54:30 [TestNG-test-OrangeHRMTest-3] INFO  ActionDriver - Entered text on: Element with name: password-->admin123
2025-12-28 16:54:30 [TestNG-test-OrangeHRMTest-3] INFO  ActionDriver - Clicked an element--> Element with text: Login
2025-12-28 16:54:32 [TestNG-test-OrangeHRMTest-3] INFO  ActionDriver - Element is displayed: Element with text: Admin
2025-12-28 16:54:33 [TestNG-test-OrangeHRMTest-3] INFO  ActionDriver - Clicked an element--> Element with text: manda user
2025-12-28 16:54:34 [TestNG-test-OrangeHRMTest-3] INFO  ActionDriver - Clicked an element--> Element with text: Logout
2025-12-28 16:54:38 [TestNG-test-OrangeHRMTest-3] INFO  BaseClass - WebDriver instance is closed
2025-12-28 16:56:51 [main] INFO  Logger - [TestNG] Running:
  E:\SeleniumFramework\OrangeHRMProject\src\test\resources\testng.xml

2025-12-28 16:56:51 [main] INFO  BaseClass - config.properties loaded
2025-12-28 16:56:54 [TestNG-test-OrangeHRMTest-3] INFO  BaseClass - ChromeDriver Instance is created
2025-12-28 16:56:54 [TestNG-test-OrangeHRMTest-2] INFO  BaseClass - ChromeDriver Instance is created
2025-12-28 16:56:54 [TestNG-test-OrangeHRMTest-1] INFO  BaseClass - ChromeDriver Instance is created
2025-12-28 16:56:54 [TestNG-test-OrangeHRMTest-4] INFO  BaseClass - ChromeDriver Instance is created
2025-12-28 16:56:58 [TestNG-test-OrangeHRMTest-2] INFO  BaseClass - WebDriver Initialized and Browser Maximized
2025-12-28 16:56:58 [TestNG-test-OrangeHRMTest-2] TRACE BaseClass - This is a Trace message
2025-12-28 16:56:58 [TestNG-test-OrangeHRMTest-2] DEBUG BaseClass - This is a Debug message
2025-12-28 16:56:58 [TestNG-test-OrangeHRMTest-2] WARN  BaseClass - This is a Warn message
2025-12-28 16:56:58 [TestNG-test-OrangeHRMTest-2] INFO  ActionDriver - WebDriver instance is created.
2025-12-28 16:56:58 [TestNG-test-OrangeHRMTest-2] INFO  BaseClass - ActionDriver Initialized for Thread: 39
2025-12-28 16:57:00 [TestNG-test-OrangeHRMTest-1] INFO  BaseClass - WebDriver Initialized and Browser Maximized
2025-12-28 16:57:00 [TestNG-test-OrangeHRMTest-1] TRACE BaseClass - This is a Trace message
2025-12-28 16:57:00 [TestNG-test-OrangeHRMTest-1] DEBUG BaseClass - This is a Debug message
2025-12-28 16:57:00 [TestNG-test-OrangeHRMTest-1] WARN  BaseClass - This is a Warn message
2025-12-28 16:57:00 [TestNG-test-OrangeHRMTest-1] INFO  ActionDriver - WebDriver instance is created.
2025-12-28 16:57:00 [TestNG-test-OrangeHRMTest-1] INFO  BaseClass - ActionDriver Initialized for Thread: 38
2025-12-28 16:57:01 [TestNG-test-OrangeHRMTest-2] INFO  BaseClass - WebDriver instance is closed
2025-12-28 16:57:01 [TestNG-test-OrangeHRMTest-1] INFO  BaseClass - WebDriver instance is closed
2025-12-28 16:57:01 [TestNG-test-OrangeHRMTest-4] INFO  BaseClass - WebDriver Initialized and Browser Maximized
2025-12-28 16:57:01 [TestNG-test-OrangeHRMTest-3] INFO  BaseClass - WebDriver Initialized and Browser Maximized
2025-12-28 16:57:01 [TestNG-test-OrangeHRMTest-4] TRACE BaseClass - This is a Trace message
2025-12-28 16:57:01 [TestNG-test-OrangeHRMTest-3] TRACE BaseClass - This is a Trace message
2025-12-28 16:57:01 [TestNG-test-OrangeHRMTest-4] DEBUG BaseClass - This is a Debug message
2025-12-28 16:57:01 [TestNG-test-OrangeHRMTest-3] DEBUG BaseClass - This is a Debug message
2025-12-28 16:57:01 [TestNG-test-OrangeHRMTest-4] WARN  BaseClass - This is a Warn message
2025-12-28 16:57:01 [TestNG-test-OrangeHRMTest-3] WARN  BaseClass - This is a Warn message
2025-12-28 16:57:01 [TestNG-test-OrangeHRMTest-4] INFO  ActionDriver - WebDriver instance is created.
2025-12-28 16:57:01 [TestNG-test-OrangeHRMTest-4] INFO  BaseClass - ActionDriver Initialized for Thread: 41
2025-12-28 16:57:01 [TestNG-test-OrangeHRMTest-3] INFO  ActionDriver - WebDriver instance is created.
2025-12-28 16:57:01 [TestNG-test-OrangeHRMTest-3] INFO  BaseClass - ActionDriver Initialized for Thread: 40
2025-12-28 16:57:01 [TestNG-test-OrangeHRMTest-3] INFO  ActionDriver - Entered text on: Element with name: username-->Admin
2025-12-28 16:57:02 [TestNG-test-OrangeHRMTest-4] INFO  ActionDriver - Entered text on: Element with name: username-->admin
2025-12-28 16:57:02 [TestNG-test-OrangeHRMTest-3] INFO  ActionDriver - Entered text on: Element with name: password-->admin
2025-12-28 16:57:02 [TestNG-test-OrangeHRMTest-4] INFO  ActionDriver - Entered text on: Element with name: password-->admin123
2025-12-28 16:57:03 [TestNG-test-OrangeHRMTest-4] INFO  ActionDriver - Clicked an element--> Element with text: Login
2025-12-28 16:57:03 [TestNG-test-OrangeHRMTest-3] INFO  ActionDriver - Clicked an element--> Element with text: Login
2025-12-28 16:57:04 [TestNG-test-OrangeHRMTest-3] INFO  ActionDriver - Texts are Matching: Invalid credentials equals Invalid credentials
2025-12-28 16:57:05 [TestNG-test-OrangeHRMTest-4] INFO  ActionDriver - Element is displayed: Unable to describe the element
2025-12-28 16:57:05 [TestNG-test-OrangeHRMTest-3] INFO  BaseClass - WebDriver instance is closed
2025-12-28 16:57:07 [TestNG-test-OrangeHRMTest-3] INFO  BaseClass - ChromeDriver Instance is created
2025-12-28 16:57:08 [TestNG-test-OrangeHRMTest-4] INFO  BaseClass - WebDriver instance is closed
2025-12-28 16:57:11 [TestNG-test-OrangeHRMTest-3] INFO  BaseClass - WebDriver Initialized and Browser Maximized
2025-12-28 16:57:11 [TestNG-test-OrangeHRMTest-3] TRACE BaseClass - This is a Trace message
2025-12-28 16:57:11 [TestNG-test-OrangeHRMTest-3] DEBUG BaseClass - This is a Debug message
2025-12-28 16:57:11 [TestNG-test-OrangeHRMTest-3] WARN  BaseClass - This is a Warn message
2025-12-28 16:57:11 [TestNG-test-OrangeHRMTest-3] INFO  ActionDriver - WebDriver instance is created.
2025-12-28 16:57:11 [TestNG-test-OrangeHRMTest-3] INFO  BaseClass - ActionDriver Initialized for Thread: 40
2025-12-28 16:57:14 [TestNG-test-OrangeHRMTest-3] INFO  ActionDriver - Entered text on: Element with name: username-->Admin
2025-12-28 16:57:14 [TestNG-test-OrangeHRMTest-3] INFO  ActionDriver - Entered text on: Element with name: password-->admin123
2025-12-28 16:57:14 [TestNG-test-OrangeHRMTest-3] INFO  ActionDriver - Clicked an element--> Element with text: Login
2025-12-28 16:57:16 [TestNG-test-OrangeHRMTest-3] INFO  ActionDriver - Element is displayed: Element with text: Admin
2025-12-28 16:57:17 [TestNG-test-OrangeHRMTest-3] INFO  ActionDriver - Clicked an element--> Element with text: manda user
2025-12-28 16:57:19 [TestNG-test-OrangeHRMTest-3] INFO  ActionDriver - Clicked an element--> Element with text: Logout
2025-12-28 16:57:21 [TestNG-test-OrangeHRMTest-3] INFO  BaseClass - WebDriver instance is closed
2025-12-28 17:05:09 [main] INFO  Logger - [TestNG] Running:
  E:\SeleniumFramework\OrangeHRMProject\src\test\resources\testng.xml

2025-12-28 17:05:09 [main] INFO  BaseClass - config.properties loaded
2025-12-28 17:05:15 [TestNG-test-OrangeHRMTest-4] INFO  BaseClass - ChromeDriver Instance is created
2025-12-28 17:05:15 [TestNG-test-OrangeHRMTest-2] INFO  BaseClass - ChromeDriver Instance is created
2025-12-28 17:05:15 [TestNG-test-OrangeHRMTest-1] INFO  BaseClass - ChromeDriver Instance is created
2025-12-28 17:05:15 [TestNG-test-OrangeHRMTest-3] INFO  BaseClass - ChromeDriver Instance is created
2025-12-28 17:05:22 [TestNG-test-OrangeHRMTest-1] INFO  BaseClass - WebDriver Initialized and Browser Maximized
2025-12-28 17:05:22 [TestNG-test-OrangeHRMTest-1] TRACE BaseClass - This is a Trace message
2025-12-28 17:05:22 [TestNG-test-OrangeHRMTest-1] DEBUG BaseClass - This is a Debug message
2025-12-28 17:05:22 [TestNG-test-OrangeHRMTest-1] WARN  BaseClass - This is a Warn message
2025-12-28 17:05:22 [TestNG-test-OrangeHRMTest-1] INFO  ActionDriver - WebDriver instance is created.
2025-12-28 17:05:22 [TestNG-test-OrangeHRMTest-1] INFO  BaseClass - ActionDriver Initialized for Thread: 37
2025-12-28 17:05:22 [TestNG-test-OrangeHRMTest-2] INFO  BaseClass - WebDriver Initialized and Browser Maximized
2025-12-28 17:05:22 [TestNG-test-OrangeHRMTest-2] TRACE BaseClass - This is a Trace message
2025-12-28 17:05:22 [TestNG-test-OrangeHRMTest-2] DEBUG BaseClass - This is a Debug message
2025-12-28 17:05:22 [TestNG-test-OrangeHRMTest-2] WARN  BaseClass - This is a Warn message
2025-12-28 17:05:22 [TestNG-test-OrangeHRMTest-2] INFO  ActionDriver - WebDriver instance is created.
2025-12-28 17:05:22 [TestNG-test-OrangeHRMTest-2] INFO  BaseClass - ActionDriver Initialized for Thread: 38
2025-12-28 17:05:22 [TestNG-test-OrangeHRMTest-3] INFO  BaseClass - WebDriver Initialized and Browser Maximized
2025-12-28 17:05:22 [TestNG-test-OrangeHRMTest-3] TRACE BaseClass - This is a Trace message
2025-12-28 17:05:22 [TestNG-test-OrangeHRMTest-3] DEBUG BaseClass - This is a Debug message
2025-12-28 17:05:22 [TestNG-test-OrangeHRMTest-3] WARN  BaseClass - This is a Warn message
2025-12-28 17:05:22 [TestNG-test-OrangeHRMTest-3] INFO  ActionDriver - WebDriver instance is created.
2025-12-28 17:05:22 [TestNG-test-OrangeHRMTest-3] INFO  BaseClass - ActionDriver Initialized for Thread: 39
2025-12-28 17:05:22 [TestNG-test-OrangeHRMTest-4] INFO  BaseClass - WebDriver Initialized and Browser Maximized
2025-12-28 17:05:22 [TestNG-test-OrangeHRMTest-4] TRACE BaseClass - This is a Trace message
2025-12-28 17:05:22 [TestNG-test-OrangeHRMTest-4] DEBUG BaseClass - This is a Debug message
2025-12-28 17:05:22 [TestNG-test-OrangeHRMTest-4] WARN  BaseClass - This is a Warn message
2025-12-28 17:05:22 [TestNG-test-OrangeHRMTest-4] INFO  ActionDriver - WebDriver instance is created.
2025-12-28 17:05:22 [TestNG-test-OrangeHRMTest-4] INFO  BaseClass - ActionDriver Initialized for Thread: 40
2025-12-28 17:05:23 [TestNG-test-OrangeHRMTest-1] INFO  BaseClass - WebDriver instance is closed
2025-12-28 17:05:23 [TestNG-test-OrangeHRMTest-2] INFO  BaseClass - WebDriver instance is closed
2025-12-28 17:05:23 [TestNG-test-OrangeHRMTest-4] INFO  ActionDriver - Entered text on: Element with name: username-->admin
2025-12-28 17:05:23 [TestNG-test-OrangeHRMTest-3] INFO  ActionDriver - Entered text on: Element with name: username-->Admin
2025-12-28 17:05:24 [TestNG-test-OrangeHRMTest-3] INFO  ActionDriver - Entered text on: Element with name: password-->admin
2025-12-28 17:05:24 [TestNG-test-OrangeHRMTest-4] INFO  ActionDriver - Entered text on: Element with name: password-->admin123
2025-12-28 17:05:24 [TestNG-test-OrangeHRMTest-4] INFO  ActionDriver - Clicked an element--> Element with text: Login
2025-12-28 17:05:25 [TestNG-test-OrangeHRMTest-3] INFO  ActionDriver - Clicked an element--> Element with text: Login
2025-12-28 17:05:26 [TestNG-test-OrangeHRMTest-3] INFO  ActionDriver - Texts are Matching: Invalid credentials equals Invalid credentials
2025-12-28 17:05:27 [TestNG-test-OrangeHRMTest-4] INFO  ActionDriver - Element is displayed: Unable to describe the element
2025-12-28 17:05:28 [TestNG-test-OrangeHRMTest-3] INFO  BaseClass - WebDriver instance is closed
2025-12-28 17:05:29 [TestNG-test-OrangeHRMTest-3] INFO  BaseClass - ChromeDriver Instance is created
2025-12-28 17:05:31 [TestNG-test-OrangeHRMTest-4] INFO  BaseClass - WebDriver instance is closed
2025-12-28 17:05:36 [TestNG-test-OrangeHRMTest-3] INFO  BaseClass - WebDriver Initialized and Browser Maximized
2025-12-28 17:05:36 [TestNG-test-OrangeHRMTest-3] TRACE BaseClass - This is a Trace message
2025-12-28 17:05:36 [TestNG-test-OrangeHRMTest-3] DEBUG BaseClass - This is a Debug message
2025-12-28 17:05:36 [TestNG-test-OrangeHRMTest-3] WARN  BaseClass - This is a Warn message
2025-12-28 17:05:36 [TestNG-test-OrangeHRMTest-3] INFO  ActionDriver - WebDriver instance is created.
2025-12-28 17:05:36 [TestNG-test-OrangeHRMTest-3] INFO  BaseClass - ActionDriver Initialized for Thread: 39
2025-12-28 17:05:36 [TestNG-test-OrangeHRMTest-3] INFO  ActionDriver - Entered text on: Element with name: username-->Admin
2025-12-28 17:05:36 [TestNG-test-OrangeHRMTest-3] INFO  ActionDriver - Entered text on: Element with name: password-->admin123
2025-12-28 17:05:38 [TestNG-test-OrangeHRMTest-3] INFO  ActionDriver - Clicked an element--> Element with text: Login
2025-12-28 17:05:38 [TestNG-test-OrangeHRMTest-3] INFO  ActionDriver - Element is displayed: Element with text: Admin
2025-12-28 17:05:39 [TestNG-test-OrangeHRMTest-3] INFO  ActionDriver - Clicked an element--> Element with text: manda user
2025-12-28 17:05:41 [TestNG-test-OrangeHRMTest-3] INFO  ActionDriver - Clicked an element--> Element with text: Logout
2025-12-28 17:05:43 [TestNG-test-OrangeHRMTest-3] INFO  BaseClass - WebDriver instance is closed
2025-12-28 21:13:46 [main] INFO  Logger - [TestNG] Running:
  E:\SeleniumFramework\OrangeHRMProject\src\test\resources\testng.xml

2025-12-28 21:13:46 [main] INFO  BaseClass - config.properties loaded
2025-12-28 21:13:55 [TestNG-test-OrangeHRMTest-4] INFO  BaseClass - ChromeDriver Instance is created
2025-12-28 21:13:55 [TestNG-test-OrangeHRMTest-3] INFO  BaseClass - ChromeDriver Instance is created
2025-12-28 21:13:55 [TestNG-test-OrangeHRMTest-1] INFO  BaseClass - ChromeDriver Instance is created
2025-12-28 21:13:55 [TestNG-test-OrangeHRMTest-2] INFO  BaseClass - ChromeDriver Instance is created
2025-12-28 21:14:02 [TestNG-test-OrangeHRMTest-3] INFO  BaseClass - WebDriver Initialized and Browser Maximized
2025-12-28 21:14:02 [TestNG-test-OrangeHRMTest-3] TRACE BaseClass - This is a Trace message
2025-12-28 21:14:02 [TestNG-test-OrangeHRMTest-4] INFO  BaseClass - WebDriver Initialized and Browser Maximized
2025-12-28 21:14:02 [TestNG-test-OrangeHRMTest-3] DEBUG BaseClass - This is a Debug message
2025-12-28 21:14:02 [TestNG-test-OrangeHRMTest-3] WARN  BaseClass - This is a Warn message
2025-12-28 21:14:02 [TestNG-test-OrangeHRMTest-4] TRACE BaseClass - This is a Trace message
2025-12-28 21:14:02 [TestNG-test-OrangeHRMTest-4] DEBUG BaseClass - This is a Debug message
2025-12-28 21:14:02 [TestNG-test-OrangeHRMTest-4] WARN  BaseClass - This is a Warn message
2025-12-28 21:14:02 [TestNG-test-OrangeHRMTest-4] INFO  ActionDriver - WebDriver instance is created.
2025-12-28 21:14:02 [TestNG-test-OrangeHRMTest-4] INFO  BaseClass - ActionDriver Initialized for Thread: 40
2025-12-28 21:14:02 [TestNG-test-OrangeHRMTest-3] INFO  ActionDriver - WebDriver instance is created.
2025-12-28 21:14:02 [TestNG-test-OrangeHRMTest-3] INFO  BaseClass - ActionDriver Initialized for Thread: 39
2025-12-28 21:14:02 [TestNG-test-OrangeHRMTest-1] INFO  BaseClass - WebDriver Initialized and Browser Maximized
2025-12-28 21:14:02 [TestNG-test-OrangeHRMTest-1] TRACE BaseClass - This is a Trace message
2025-12-28 21:14:02 [TestNG-test-OrangeHRMTest-1] DEBUG BaseClass - This is a Debug message
2025-12-28 21:14:02 [TestNG-test-OrangeHRMTest-1] WARN  BaseClass - This is a Warn message
2025-12-28 21:14:02 [TestNG-test-OrangeHRMTest-1] INFO  ActionDriver - WebDriver instance is created.
2025-12-28 21:14:02 [TestNG-test-OrangeHRMTest-1] INFO  BaseClass - ActionDriver Initialized for Thread: 37
2025-12-28 21:14:02 [TestNG-test-OrangeHRMTest-2] INFO  BaseClass - WebDriver Initialized and Browser Maximized
2025-12-28 21:14:02 [TestNG-test-OrangeHRMTest-2] TRACE BaseClass - This is a Trace message
2025-12-28 21:14:02 [TestNG-test-OrangeHRMTest-2] DEBUG BaseClass - This is a Debug message
2025-12-28 21:14:02 [TestNG-test-OrangeHRMTest-2] WARN  BaseClass - This is a Warn message
2025-12-28 21:14:02 [TestNG-test-OrangeHRMTest-2] INFO  ActionDriver - WebDriver instance is created.
2025-12-28 21:14:02 [TestNG-test-OrangeHRMTest-2] INFO  BaseClass - ActionDriver Initialized for Thread: 38
2025-12-28 21:14:03 [TestNG-test-OrangeHRMTest-3] WARN  ActionDriver - Failed to apply the border to an element: Element with name: username javascript error: Cannot set properties of undefined (setting 'border')
  (Session info: chrome=143.0.7499.170)
Build info: version: '4.39.0', revision: '126f156aee'
System info: os.name: 'Windows 11', os.arch: 'amd64', os.version: '10.0', java.version: '23'
Driver info: org.openqa.selenium.chrome.ChromeDriver
Command: [832eff4118b5783b46904ea4abf74224, executeScript {args=[{element-6066-11e4-a52e-4f735466cecf=f.EDBE6A2DB87666C61BB6AB59615F581B.d.3A564534C7D66A6FB6B30774B4EA28CD.e.3}], script=arguments[0].apply.border='3px solid green'}]
Capabilities {acceptInsecureCerts: false, browserName: chrome, browserVersion: 143.0.7499.170, chrome: {chromedriverVersion: 143.0.7499.169 (164b20aab62..., userDataDir: C:\Users\pinku\AppData\Loca...}, fedcm:accounts: true, goog:chromeOptions: {debuggerAddress: localhost:54017}, goog:processID: 11596, networkConnectionEnabled: false, pageLoadStrategy: normal, platformName: windows, proxy: Proxy(), se:cdp: ws://localhost:54017/devtoo..., se:cdpVersion: 143.0.7499.170, setWindowRect: true, strictFileInteractability: false, timeouts: {implicit: 0, pageLoad: 300000, script: 30000}, unhandledPromptBehavior: dismiss and notify, webauthn:extension:credBlob: true, webauthn:extension:largeBlob: true, webauthn:extension:minPinLength: true, webauthn:extension:prf: true, webauthn:virtualAuthenticators: true}
Session ID: 832eff4118b5783b46904ea4abf74224
2025-12-28 21:14:03 [TestNG-test-OrangeHRMTest-4] WARN  ActionDriver - Failed to apply the border to an element: Element with name: username javascript error: Cannot set properties of undefined (setting 'border')
  (Session info: chrome=143.0.7499.170)
Build info: version: '4.39.0', revision: '126f156aee'
System info: os.name: 'Windows 11', os.arch: 'amd64', os.version: '10.0', java.version: '23'
Driver info: org.openqa.selenium.chrome.ChromeDriver
Command: [a911e13f01911d1db320bad1f6140f50, executeScript {args=[{element-6066-11e4-a52e-4f735466cecf=f.C3B2B0E2CFE7841F443B7237C58CFAED.d.BC19C8517016DE8FF889EBA01EBAB4F4.e.3}], script=arguments[0].apply.border='3px solid green'}]
Capabilities {acceptInsecureCerts: false, browserName: chrome, browserVersion: 143.0.7499.170, chrome: {chromedriverVersion: 143.0.7499.169 (164b20aab62..., userDataDir: C:\Users\pinku\AppData\Loca...}, fedcm:accounts: true, goog:chromeOptions: {debuggerAddress: localhost:54018}, goog:processID: 12340, networkConnectionEnabled: false, pageLoadStrategy: normal, platformName: windows, proxy: Proxy(), se:cdp: ws://localhost:54018/devtoo..., se:cdpVersion: 143.0.7499.170, setWindowRect: true, strictFileInteractability: false, timeouts: {implicit: 0, pageLoad: 300000, script: 30000}, unhandledPromptBehavior: dismiss and notify, webauthn:extension:credBlob: true, webauthn:extension:largeBlob: true, webauthn:extension:minPinLength: true, webauthn:extension:prf: true, webauthn:virtualAuthenticators: true}
Session ID: a911e13f01911d1db320bad1f6140f50
2025-12-28 21:14:03 [TestNG-test-OrangeHRMTest-4] INFO  ActionDriver - Entered text on: Element with name: username-->admin
2025-12-28 21:14:03 [TestNG-test-OrangeHRMTest-1] INFO  BaseClass - WebDriver instance is closed
2025-12-28 21:14:04 [TestNG-test-OrangeHRMTest-3] INFO  ActionDriver - Entered text on: Element with name: username-->Admin
2025-12-28 21:14:04 [TestNG-test-OrangeHRMTest-2] INFO  BaseClass - WebDriver instance is closed
2025-12-28 21:14:04 [TestNG-test-OrangeHRMTest-4] WARN  ActionDriver - Failed to apply the border to an element: Element with name: password javascript error: Cannot set properties of undefined (setting 'border')
  (Session info: chrome=143.0.7499.170)
Build info: version: '4.39.0', revision: '126f156aee'
System info: os.name: 'Windows 11', os.arch: 'amd64', os.version: '10.0', java.version: '23'
Driver info: org.openqa.selenium.chrome.ChromeDriver
Command: [a911e13f01911d1db320bad1f6140f50, executeScript {args=[{element-6066-11e4-a52e-4f735466cecf=f.C3B2B0E2CFE7841F443B7237C58CFAED.d.BC19C8517016DE8FF889EBA01EBAB4F4.e.4}], script=arguments[0].apply.border='3px solid green'}]
Capabilities {acceptInsecureCerts: false, browserName: chrome, browserVersion: 143.0.7499.170, chrome: {chromedriverVersion: 143.0.7499.169 (164b20aab62..., userDataDir: C:\Users\pinku\AppData\Loca...}, fedcm:accounts: true, goog:chromeOptions: {debuggerAddress: localhost:54018}, goog:processID: 12340, networkConnectionEnabled: false, pageLoadStrategy: normal, platformName: windows, proxy: Proxy(), se:cdp: ws://localhost:54018/devtoo..., se:cdpVersion: 143.0.7499.170, setWindowRect: true, strictFileInteractability: false, timeouts: {implicit: 0, pageLoad: 300000, script: 30000}, unhandledPromptBehavior: dismiss and notify, webauthn:extension:credBlob: true, webauthn:extension:largeBlob: true, webauthn:extension:minPinLength: true, webauthn:extension:prf: true, webauthn:virtualAuthenticators: true}
Session ID: a911e13f01911d1db320bad1f6140f50
2025-12-28 21:14:04 [TestNG-test-OrangeHRMTest-3] WARN  ActionDriver - Failed to apply the border to an element: Element with name: password javascript error: Cannot set properties of undefined (setting 'border')
  (Session info: chrome=143.0.7499.170)
Build info: version: '4.39.0', revision: '126f156aee'
System info: os.name: 'Windows 11', os.arch: 'amd64', os.version: '10.0', java.version: '23'
Driver info: org.openqa.selenium.chrome.ChromeDriver
Command: [832eff4118b5783b46904ea4abf74224, executeScript {args=[{element-6066-11e4-a52e-4f735466cecf=f.EDBE6A2DB87666C61BB6AB59615F581B.d.3A564534C7D66A6FB6B30774B4EA28CD.e.4}], script=arguments[0].apply.border='3px solid green'}]
Capabilities {acceptInsecureCerts: false, browserName: chrome, browserVersion: 143.0.7499.170, chrome: {chromedriverVersion: 143.0.7499.169 (164b20aab62..., userDataDir: C:\Users\pinku\AppData\Loca...}, fedcm:accounts: true, goog:chromeOptions: {debuggerAddress: localhost:54017}, goog:processID: 11596, networkConnectionEnabled: false, pageLoadStrategy: normal, platformName: windows, proxy: Proxy(), se:cdp: ws://localhost:54017/devtoo..., se:cdpVersion: 143.0.7499.170, setWindowRect: true, strictFileInteractability: false, timeouts: {implicit: 0, pageLoad: 300000, script: 30000}, unhandledPromptBehavior: dismiss and notify, webauthn:extension:credBlob: true, webauthn:extension:largeBlob: true, webauthn:extension:minPinLength: true, webauthn:extension:prf: true, webauthn:virtualAuthenticators: true}
Session ID: 832eff4118b5783b46904ea4abf74224
2025-12-28 21:14:04 [TestNG-test-OrangeHRMTest-4] INFO  ActionDriver - Entered text on: Element with name: password-->admin123
2025-12-28 21:14:04 [TestNG-test-OrangeHRMTest-3] INFO  ActionDriver - Entered text on: Element with name: password-->admin
2025-12-28 21:14:04 [TestNG-test-OrangeHRMTest-4] WARN  ActionDriver - Failed to apply the border to an element: Element with text: Login javascript error: Cannot set properties of undefined (setting 'border')
  (Session info: chrome=143.0.7499.170)
Build info: version: '4.39.0', revision: '126f156aee'
System info: os.name: 'Windows 11', os.arch: 'amd64', os.version: '10.0', java.version: '23'
Driver info: org.openqa.selenium.chrome.ChromeDriver
Command: [a911e13f01911d1db320bad1f6140f50, executeScript {args=[{element-6066-11e4-a52e-4f735466cecf=f.C3B2B0E2CFE7841F443B7237C58CFAED.d.BC19C8517016DE8FF889EBA01EBAB4F4.e.8}], script=arguments[0].apply.border='3px solid green'}]
Capabilities {acceptInsecureCerts: false, browserName: chrome, browserVersion: 143.0.7499.170, chrome: {chromedriverVersion: 143.0.7499.169 (164b20aab62..., userDataDir: C:\Users\pinku\AppData\Loca...}, fedcm:accounts: true, goog:chromeOptions: {debuggerAddress: localhost:54018}, goog:processID: 12340, networkConnectionEnabled: false, pageLoadStrategy: normal, platformName: windows, proxy: Proxy(), se:cdp: ws://localhost:54018/devtoo..., se:cdpVersion: 143.0.7499.170, setWindowRect: true, strictFileInteractability: false, timeouts: {implicit: 0, pageLoad: 300000, script: 30000}, unhandledPromptBehavior: dismiss and notify, webauthn:extension:credBlob: true, webauthn:extension:largeBlob: true, webauthn:extension:minPinLength: true, webauthn:extension:prf: true, webauthn:virtualAuthenticators: true}
Session ID: a911e13f01911d1db320bad1f6140f50
2025-12-28 21:14:05 [TestNG-test-OrangeHRMTest-3] WARN  ActionDriver - Failed to apply the border to an element: Element with text: Login javascript error: Cannot set properties of undefined (setting 'border')
  (Session info: chrome=143.0.7499.170)
Build info: version: '4.39.0', revision: '126f156aee'
System info: os.name: 'Windows 11', os.arch: 'amd64', os.version: '10.0', java.version: '23'
Driver info: org.openqa.selenium.chrome.ChromeDriver
Command: [832eff4118b5783b46904ea4abf74224, executeScript {args=[{element-6066-11e4-a52e-4f735466cecf=f.EDBE6A2DB87666C61BB6AB59615F581B.d.3A564534C7D66A6FB6B30774B4EA28CD.e.8}], script=arguments[0].apply.border='3px solid green'}]
Capabilities {acceptInsecureCerts: false, browserName: chrome, browserVersion: 143.0.7499.170, chrome: {chromedriverVersion: 143.0.7499.169 (164b20aab62..., userDataDir: C:\Users\pinku\AppData\Loca...}, fedcm:accounts: true, goog:chromeOptions: {debuggerAddress: localhost:54017}, goog:processID: 11596, networkConnectionEnabled: false, pageLoadStrategy: normal, platformName: windows, proxy: Proxy(), se:cdp: ws://localhost:54017/devtoo..., se:cdpVersion: 143.0.7499.170, setWindowRect: true, strictFileInteractability: false, timeouts: {implicit: 0, pageLoad: 300000, script: 30000}, unhandledPromptBehavior: dismiss and notify, webauthn:extension:credBlob: true, webauthn:extension:largeBlob: true, webauthn:extension:minPinLength: true, webauthn:extension:prf: true, webauthn:virtualAuthenticators: true}
Session ID: 832eff4118b5783b46904ea4abf74224
2025-12-28 21:14:05 [TestNG-test-OrangeHRMTest-4] INFO  ActionDriver - Clicked an element--> Element with text: Login
2025-12-28 21:14:07 [TestNG-test-OrangeHRMTest-3] INFO  ActionDriver - Clicked an element--> Element with text: Login
2025-12-28 21:14:07 [TestNG-test-OrangeHRMTest-4] WARN  ActionDriver - Failed to apply the border to an element: Unable to describe the element javascript error: Cannot set properties of undefined (setting 'border')
  (Session info: chrome=143.0.7499.170)
Build info: version: '4.39.0', revision: '126f156aee'
System info: os.name: 'Windows 11', os.arch: 'amd64', os.version: '10.0', java.version: '23'
Driver info: org.openqa.selenium.chrome.ChromeDriver
Command: [a911e13f01911d1db320bad1f6140f50, executeScript {args=[{element-6066-11e4-a52e-4f735466cecf=f.C3B2B0E2CFE7841F443B7237C58CFAED.d.D70EF80B66F91710A851E06FE0FA1BB6.e.26}], script=arguments[0].apply.border='3px solid green'}]
Capabilities {acceptInsecureCerts: false, browserName: chrome, browserVersion: 143.0.7499.170, chrome: {chromedriverVersion: 143.0.7499.169 (164b20aab62..., userDataDir: C:\Users\pinku\AppData\Loca...}, fedcm:accounts: true, goog:chromeOptions: {debuggerAddress: localhost:54018}, goog:processID: 12340, networkConnectionEnabled: false, pageLoadStrategy: normal, platformName: windows, proxy: Proxy(), se:cdp: ws://localhost:54018/devtoo..., se:cdpVersion: 143.0.7499.170, setWindowRect: true, strictFileInteractability: false, timeouts: {implicit: 0, pageLoad: 300000, script: 30000}, unhandledPromptBehavior: dismiss and notify, webauthn:extension:credBlob: true, webauthn:extension:largeBlob: true, webauthn:extension:minPinLength: true, webauthn:extension:prf: true, webauthn:virtualAuthenticators: true}
Session ID: a911e13f01911d1db320bad1f6140f50
2025-12-28 21:14:07 [TestNG-test-OrangeHRMTest-3] WARN  ActionDriver - Failed to apply the border to an element: Element with text: Invalid credentials javascript error: Cannot set properties of undefined (setting 'border')
  (Session info: chrome=143.0.7499.170)
Build info: version: '4.39.0', revision: '126f156aee'
System info: os.name: 'Windows 11', os.arch: 'amd64', os.version: '10.0', java.version: '23'
Driver info: org.openqa.selenium.chrome.ChromeDriver
Command: [832eff4118b5783b46904ea4abf74224, executeScript {args=[{element-6066-11e4-a52e-4f735466cecf=f.EDBE6A2DB87666C61BB6AB59615F581B.d.7092614EC6210C42F72F4144D0F6B033.e.26}], script=arguments[0].apply.border='3px solid green'}]
Capabilities {acceptInsecureCerts: false, browserName: chrome, browserVersion: 143.0.7499.170, chrome: {chromedriverVersion: 143.0.7499.169 (164b20aab62..., userDataDir: C:\Users\pinku\AppData\Loca...}, fedcm:accounts: true, goog:chromeOptions: {debuggerAddress: localhost:54017}, goog:processID: 11596, networkConnectionEnabled: false, pageLoadStrategy: normal, platformName: windows, proxy: Proxy(), se:cdp: ws://localhost:54017/devtoo..., se:cdpVersion: 143.0.7499.170, setWindowRect: true, strictFileInteractability: false, timeouts: {implicit: 0, pageLoad: 300000, script: 30000}, unhandledPromptBehavior: dismiss and notify, webauthn:extension:credBlob: true, webauthn:extension:largeBlob: true, webauthn:extension:minPinLength: true, webauthn:extension:prf: true, webauthn:virtualAuthenticators: true}
Session ID: 832eff4118b5783b46904ea4abf74224
2025-12-28 21:14:07 [TestNG-test-OrangeHRMTest-3] INFO  ActionDriver - Texts are Matching: Invalid credentials equals Invalid credentials
2025-12-28 21:14:07 [TestNG-test-OrangeHRMTest-4] INFO  ActionDriver - Element is displayed: Unable to describe the element
2025-12-28 21:14:08 [TestNG-test-OrangeHRMTest-3] INFO  BaseClass - WebDriver instance is closed
2025-12-28 21:14:10 [TestNG-test-OrangeHRMTest-3] INFO  BaseClass - ChromeDriver Instance is created
2025-12-28 21:14:10 [TestNG-test-OrangeHRMTest-4] INFO  BaseClass - WebDriver instance is closed
2025-12-28 21:14:16 [TestNG-test-OrangeHRMTest-3] INFO  BaseClass - WebDriver Initialized and Browser Maximized
2025-12-28 21:14:16 [TestNG-test-OrangeHRMTest-3] TRACE BaseClass - This is a Trace message
2025-12-28 21:14:16 [TestNG-test-OrangeHRMTest-3] DEBUG BaseClass - This is a Debug message
2025-12-28 21:14:16 [TestNG-test-OrangeHRMTest-3] WARN  BaseClass - This is a Warn message
2025-12-28 21:14:16 [TestNG-test-OrangeHRMTest-3] INFO  ActionDriver - WebDriver instance is created.
2025-12-28 21:14:16 [TestNG-test-OrangeHRMTest-3] INFO  BaseClass - ActionDriver Initialized for Thread: 39
2025-12-28 21:14:17 [TestNG-test-OrangeHRMTest-3] WARN  ActionDriver - Failed to apply the border to an element: Element with name: username javascript error: Cannot set properties of undefined (setting 'border')
  (Session info: chrome=143.0.7499.170)
Build info: version: '4.39.0', revision: '126f156aee'
System info: os.name: 'Windows 11', os.arch: 'amd64', os.version: '10.0', java.version: '23'
Driver info: org.openqa.selenium.chrome.ChromeDriver
Command: [d1bacb6e5bcfb29a1d7e84e47853d332, executeScript {args=[{element-6066-11e4-a52e-4f735466cecf=f.5CD854512AB61CAC2D9684720361FBC2.d.606CD9EDB183CC3CA7F7C9C01066E66D.e.3}], script=arguments[0].apply.border='3px solid green'}]
Capabilities {acceptInsecureCerts: false, browserName: chrome, browserVersion: 143.0.7499.170, chrome: {chromedriverVersion: 143.0.7499.169 (164b20aab62..., userDataDir: C:\Users\pinku\AppData\Loca...}, fedcm:accounts: true, goog:chromeOptions: {debuggerAddress: localhost:49675}, goog:processID: 3388, networkConnectionEnabled: false, pageLoadStrategy: normal, platformName: windows, proxy: Proxy(), se:cdp: ws://localhost:49675/devtoo..., se:cdpVersion: 143.0.7499.170, setWindowRect: true, strictFileInteractability: false, timeouts: {implicit: 0, pageLoad: 300000, script: 30000}, unhandledPromptBehavior: dismiss and notify, webauthn:extension:credBlob: true, webauthn:extension:largeBlob: true, webauthn:extension:minPinLength: true, webauthn:extension:prf: true, webauthn:virtualAuthenticators: true}
Session ID: d1bacb6e5bcfb29a1d7e84e47853d332
2025-12-28 21:14:17 [TestNG-test-OrangeHRMTest-3] INFO  ActionDriver - Entered text on: Element with name: username-->Admin
2025-12-28 21:14:17 [TestNG-test-OrangeHRMTest-3] WARN  ActionDriver - Failed to apply the border to an element: Element with name: password javascript error: Cannot set properties of undefined (setting 'border')
  (Session info: chrome=143.0.7499.170)
Build info: version: '4.39.0', revision: '126f156aee'
System info: os.name: 'Windows 11', os.arch: 'amd64', os.version: '10.0', java.version: '23'
Driver info: org.openqa.selenium.chrome.ChromeDriver
Command: [d1bacb6e5bcfb29a1d7e84e47853d332, executeScript {args=[{element-6066-11e4-a52e-4f735466cecf=f.5CD854512AB61CAC2D9684720361FBC2.d.606CD9EDB183CC3CA7F7C9C01066E66D.e.4}], script=arguments[0].apply.border='3px solid green'}]
Capabilities {acceptInsecureCerts: false, browserName: chrome, browserVersion: 143.0.7499.170, chrome: {chromedriverVersion: 143.0.7499.169 (164b20aab62..., userDataDir: C:\Users\pinku\AppData\Loca...}, fedcm:accounts: true, goog:chromeOptions: {debuggerAddress: localhost:49675}, goog:processID: 3388, networkConnectionEnabled: false, pageLoadStrategy: normal, platformName: windows, proxy: Proxy(), se:cdp: ws://localhost:49675/devtoo..., se:cdpVersion: 143.0.7499.170, setWindowRect: true, strictFileInteractability: false, timeouts: {implicit: 0, pageLoad: 300000, script: 30000}, unhandledPromptBehavior: dismiss and notify, webauthn:extension:credBlob: true, webauthn:extension:largeBlob: true, webauthn:extension:minPinLength: true, webauthn:extension:prf: true, webauthn:virtualAuthenticators: true}
Session ID: d1bacb6e5bcfb29a1d7e84e47853d332
2025-12-28 21:14:18 [TestNG-test-OrangeHRMTest-3] INFO  ActionDriver - Entered text on: Element with name: password-->admin123
2025-12-28 21:14:18 [TestNG-test-OrangeHRMTest-3] WARN  ActionDriver - Failed to apply the border to an element: Element with text: Login javascript error: Cannot set properties of undefined (setting 'border')
  (Session info: chrome=143.0.7499.170)
Build info: version: '4.39.0', revision: '126f156aee'
System info: os.name: 'Windows 11', os.arch: 'amd64', os.version: '10.0', java.version: '23'
Driver info: org.openqa.selenium.chrome.ChromeDriver
Command: [d1bacb6e5bcfb29a1d7e84e47853d332, executeScript {args=[{element-6066-11e4-a52e-4f735466cecf=f.5CD854512AB61CAC2D9684720361FBC2.d.606CD9EDB183CC3CA7F7C9C01066E66D.e.11}], script=arguments[0].apply.border='3px solid green'}]
Capabilities {acceptInsecureCerts: false, browserName: chrome, browserVersion: 143.0.7499.170, chrome: {chromedriverVersion: 143.0.7499.169 (164b20aab62..., userDataDir: C:\Users\pinku\AppData\Loca...}, fedcm:accounts: true, goog:chromeOptions: {debuggerAddress: localhost:49675}, goog:processID: 3388, networkConnectionEnabled: false, pageLoadStrategy: normal, platformName: windows, proxy: Proxy(), se:cdp: ws://localhost:49675/devtoo..., se:cdpVersion: 143.0.7499.170, setWindowRect: true, strictFileInteractability: false, timeouts: {implicit: 0, pageLoad: 300000, script: 30000}, unhandledPromptBehavior: dismiss and notify, webauthn:extension:credBlob: true, webauthn:extension:largeBlob: true, webauthn:extension:minPinLength: true, webauthn:extension:prf: true, webauthn:virtualAuthenticators: true}
Session ID: d1bacb6e5bcfb29a1d7e84e47853d332
2025-12-28 21:14:18 [TestNG-test-OrangeHRMTest-3] INFO  ActionDriver - Clicked an element--> Element with text: Login
2025-12-28 21:14:20 [TestNG-test-OrangeHRMTest-3] WARN  ActionDriver - Failed to apply the border to an element: Element with text: Admin javascript error: Cannot set properties of undefined (setting 'border')
  (Session info: chrome=143.0.7499.170)
Build info: version: '4.39.0', revision: '126f156aee'
System info: os.name: 'Windows 11', os.arch: 'amd64', os.version: '10.0', java.version: '23'
Driver info: org.openqa.selenium.chrome.ChromeDriver
Command: [d1bacb6e5bcfb29a1d7e84e47853d332, executeScript {args=[{element-6066-11e4-a52e-4f735466cecf=f.5CD854512AB61CAC2D9684720361FBC2.d.0DE5F351F34DACD9DEE6D1AA2EFB3747.e.27}], script=arguments[0].apply.border='3px solid green'}]
Capabilities {acceptInsecureCerts: false, browserName: chrome, browserVersion: 143.0.7499.170, chrome: {chromedriverVersion: 143.0.7499.169 (164b20aab62..., userDataDir: C:\Users\pinku\AppData\Loca...}, fedcm:accounts: true, goog:chromeOptions: {debuggerAddress: localhost:49675}, goog:processID: 3388, networkConnectionEnabled: false, pageLoadStrategy: normal, platformName: windows, proxy: Proxy(), se:cdp: ws://localhost:49675/devtoo..., se:cdpVersion: 143.0.7499.170, setWindowRect: true, strictFileInteractability: false, timeouts: {implicit: 0, pageLoad: 300000, script: 30000}, unhandledPromptBehavior: dismiss and notify, webauthn:extension:credBlob: true, webauthn:extension:largeBlob: true, webauthn:extension:minPinLength: true, webauthn:extension:prf: true, webauthn:virtualAuthenticators: true}
Session ID: d1bacb6e5bcfb29a1d7e84e47853d332
2025-12-28 21:14:20 [TestNG-test-OrangeHRMTest-3] INFO  ActionDriver - Element is displayed: Element with text: Admin
2025-12-28 21:14:21 [TestNG-test-OrangeHRMTest-3] WARN  ActionDriver - Failed to apply the border to an element: Element with text: FirstNameTest LastNameTest javascript error: Cannot set properties of undefined (setting 'border')
  (Session info: chrome=143.0.7499.170)
Build info: version: '4.39.0', revision: '126f156aee'
System info: os.name: 'Windows 11', os.arch: 'amd64', os.version: '10.0', java.version: '23'
Driver info: org.openqa.selenium.chrome.ChromeDriver
Command: [d1bacb6e5bcfb29a1d7e84e47853d332, executeScript {args=[{element-6066-11e4-a52e-4f735466cecf=f.5CD854512AB61CAC2D9684720361FBC2.d.0DE5F351F34DACD9DEE6D1AA2EFB3747.e.30}], script=arguments[0].apply.border='3px solid green'}]
Capabilities {acceptInsecureCerts: false, browserName: chrome, browserVersion: 143.0.7499.170, chrome: {chromedriverVersion: 143.0.7499.169 (164b20aab62..., userDataDir: C:\Users\pinku\AppData\Loca...}, fedcm:accounts: true, goog:chromeOptions: {debuggerAddress: localhost:49675}, goog:processID: 3388, networkConnectionEnabled: false, pageLoadStrategy: normal, platformName: windows, proxy: Proxy(), se:cdp: ws://localhost:49675/devtoo..., se:cdpVersion: 143.0.7499.170, setWindowRect: true, strictFileInteractability: false, timeouts: {implicit: 0, pageLoad: 300000, script: 30000}, unhandledPromptBehavior: dismiss and notify, webauthn:extension:credBlob: true, webauthn:extension:largeBlob: true, webauthn:extension:minPinLength: true, webauthn:extension:prf: true, webauthn:virtualAuthenticators: true}
Session ID: d1bacb6e5bcfb29a1d7e84e47853d332
2025-12-28 21:14:21 [TestNG-test-OrangeHRMTest-3] INFO  ActionDriver - Clicked an element--> Element with text: FirstNameTest LastNameTest
2025-12-28 21:14:22 [TestNG-test-OrangeHRMTest-3] WARN  ActionDriver - Failed to apply the border to an element: Element with text: Logout javascript error: Cannot set properties of undefined (setting 'border')
  (Session info: chrome=143.0.7499.170)
Build info: version: '4.39.0', revision: '126f156aee'
System info: os.name: 'Windows 11', os.arch: 'amd64', os.version: '10.0', java.version: '23'
Driver info: org.openqa.selenium.chrome.ChromeDriver
Command: [d1bacb6e5bcfb29a1d7e84e47853d332, executeScript {args=[{element-6066-11e4-a52e-4f735466cecf=f.5CD854512AB61CAC2D9684720361FBC2.d.0DE5F351F34DACD9DEE6D1AA2EFB3747.e.32}], script=arguments[0].apply.border='3px solid green'}]
Capabilities {acceptInsecureCerts: false, browserName: chrome, browserVersion: 143.0.7499.170, chrome: {chromedriverVersion: 143.0.7499.169 (164b20aab62..., userDataDir: C:\Users\pinku\AppData\Loca...}, fedcm:accounts: true, goog:chromeOptions: {debuggerAddress: localhost:49675}, goog:processID: 3388, networkConnectionEnabled: false, pageLoadStrategy: normal, platformName: windows, proxy: Proxy(), se:cdp: ws://localhost:49675/devtoo..., se:cdpVersion: 143.0.7499.170, setWindowRect: true, strictFileInteractability: false, timeouts: {implicit: 0, pageLoad: 300000, script: 30000}, unhandledPromptBehavior: dismiss and notify, webauthn:extension:credBlob: true, webauthn:extension:largeBlob: true, webauthn:extension:minPinLength: true, webauthn:extension:prf: true, webauthn:virtualAuthenticators: true}
Session ID: d1bacb6e5bcfb29a1d7e84e47853d332
2025-12-28 21:14:22 [TestNG-test-OrangeHRMTest-3] INFO  ActionDriver - Clicked an element--> Element with text: Logout
2025-12-28 21:14:26 [TestNG-test-OrangeHRMTest-3] INFO  BaseClass - WebDriver instance is closed
2025-12-28 21:15:13 [main] INFO  Logger - [TestNG] Running:
  E:\SeleniumFramework\OrangeHRMProject\src\test\resources\testng.xml

2025-12-28 21:15:13 [main] INFO  BaseClass - config.properties loaded
2025-12-28 21:15:16 [TestNG-test-OrangeHRMTest-3] INFO  BaseClass - ChromeDriver Instance is created
2025-12-28 21:15:16 [TestNG-test-OrangeHRMTest-1] INFO  BaseClass - ChromeDriver Instance is created
2025-12-28 21:15:16 [TestNG-test-OrangeHRMTest-2] INFO  BaseClass - ChromeDriver Instance is created
2025-12-28 21:15:16 [TestNG-test-OrangeHRMTest-4] INFO  BaseClass - ChromeDriver Instance is created
2025-12-28 21:15:22 [TestNG-test-OrangeHRMTest-3] INFO  BaseClass - WebDriver Initialized and Browser Maximized
2025-12-28 21:15:22 [TestNG-test-OrangeHRMTest-3] TRACE BaseClass - This is a Trace message
2025-12-28 21:15:22 [TestNG-test-OrangeHRMTest-3] DEBUG BaseClass - This is a Debug message
2025-12-28 21:15:22 [TestNG-test-OrangeHRMTest-3] WARN  BaseClass - This is a Warn message
2025-12-28 21:15:22 [TestNG-test-OrangeHRMTest-3] INFO  ActionDriver - WebDriver instance is created.
2025-12-28 21:15:22 [TestNG-test-OrangeHRMTest-3] INFO  BaseClass - ActionDriver Initialized for Thread: 41
2025-12-28 21:15:22 [TestNG-test-OrangeHRMTest-3] INFO  ActionDriver - Applied the border with color green to element: Element with name: username
2025-12-28 21:15:23 [TestNG-test-OrangeHRMTest-2] INFO  BaseClass - WebDriver Initialized and Browser Maximized
2025-12-28 21:15:23 [TestNG-test-OrangeHRMTest-2] TRACE BaseClass - This is a Trace message
2025-12-28 21:15:23 [TestNG-test-OrangeHRMTest-2] DEBUG BaseClass - This is a Debug message
2025-12-28 21:15:23 [TestNG-test-OrangeHRMTest-2] WARN  BaseClass - This is a Warn message
2025-12-28 21:15:23 [TestNG-test-OrangeHRMTest-2] INFO  ActionDriver - WebDriver instance is created.
2025-12-28 21:15:23 [TestNG-test-OrangeHRMTest-2] INFO  BaseClass - ActionDriver Initialized for Thread: 40
2025-12-28 21:15:23 [TestNG-test-OrangeHRMTest-1] INFO  BaseClass - WebDriver Initialized and Browser Maximized
2025-12-28 21:15:23 [TestNG-test-OrangeHRMTest-1] TRACE BaseClass - This is a Trace message
2025-12-28 21:15:23 [TestNG-test-OrangeHRMTest-1] DEBUG BaseClass - This is a Debug message
2025-12-28 21:15:23 [TestNG-test-OrangeHRMTest-1] WARN  BaseClass - This is a Warn message
2025-12-28 21:15:23 [TestNG-test-OrangeHRMTest-1] INFO  ActionDriver - WebDriver instance is created.
2025-12-28 21:15:23 [TestNG-test-OrangeHRMTest-1] INFO  BaseClass - ActionDriver Initialized for Thread: 39
2025-12-28 21:15:23 [TestNG-test-OrangeHRMTest-3] INFO  ActionDriver - Entered text on: Element with name: username-->Admin
2025-12-28 21:15:23 [TestNG-test-OrangeHRMTest-4] INFO  BaseClass - WebDriver Initialized and Browser Maximized
2025-12-28 21:15:23 [TestNG-test-OrangeHRMTest-4] TRACE BaseClass - This is a Trace message
2025-12-28 21:15:23 [TestNG-test-OrangeHRMTest-4] DEBUG BaseClass - This is a Debug message
2025-12-28 21:15:23 [TestNG-test-OrangeHRMTest-4] WARN  BaseClass - This is a Warn message
2025-12-28 21:15:23 [TestNG-test-OrangeHRMTest-4] INFO  ActionDriver - WebDriver instance is created.
2025-12-28 21:15:23 [TestNG-test-OrangeHRMTest-4] INFO  BaseClass - ActionDriver Initialized for Thread: 42
2025-12-28 21:15:23 [TestNG-test-OrangeHRMTest-3] INFO  ActionDriver - Applied the border with color green to element: Element with name: password
2025-12-28 21:15:24 [TestNG-test-OrangeHRMTest-4] INFO  ActionDriver - Applied the border with color green to element: Element with name: username
2025-12-28 21:15:24 [TestNG-test-OrangeHRMTest-2] INFO  BaseClass - WebDriver instance is closed
2025-12-28 21:15:24 [TestNG-test-OrangeHRMTest-3] INFO  ActionDriver - Entered text on: Element with name: password-->admin
2025-12-28 21:15:24 [TestNG-test-OrangeHRMTest-1] INFO  BaseClass - WebDriver instance is closed
2025-12-28 21:15:24 [TestNG-test-OrangeHRMTest-4] INFO  ActionDriver - Entered text on: Element with name: username-->admin
2025-12-28 21:15:24 [TestNG-test-OrangeHRMTest-3] INFO  ActionDriver - Applied the border with color green to element: Element with text: Login
2025-12-28 21:15:24 [TestNG-test-OrangeHRMTest-4] INFO  ActionDriver - Applied the border with color green to element: Element with name: password
2025-12-28 21:15:24 [TestNG-test-OrangeHRMTest-3] INFO  ActionDriver - Clicked an element--> Element with text: Login
2025-12-28 21:15:25 [TestNG-test-OrangeHRMTest-4] INFO  ActionDriver - Entered text on: Element with name: password-->admin123
2025-12-28 21:15:25 [TestNG-test-OrangeHRMTest-4] INFO  ActionDriver - Applied the border with color green to element: Element with text: Login
2025-12-28 21:15:26 [TestNG-test-OrangeHRMTest-3] INFO  ActionDriver - Applied the border with color green to element: Element with text: Invalid credentials
2025-12-28 21:15:26 [TestNG-test-OrangeHRMTest-3] INFO  ActionDriver - Texts are Matching: Invalid credentials equals Invalid credentials
2025-12-28 21:15:26 [TestNG-test-OrangeHRMTest-4] INFO  ActionDriver - Clicked an element--> Element with text: Login
2025-12-28 21:15:27 [TestNG-test-OrangeHRMTest-4] INFO  ActionDriver - Applied the border with color green to element: Unable to describe the element
2025-12-28 21:15:27 [TestNG-test-OrangeHRMTest-3] INFO  BaseClass - WebDriver instance is closed
2025-12-28 21:15:27 [TestNG-test-OrangeHRMTest-4] INFO  ActionDriver - Element is displayed: Unable to describe the element
2025-12-28 21:15:28 [TestNG-test-OrangeHRMTest-3] INFO  BaseClass - ChromeDriver Instance is created
2025-12-28 21:15:29 [TestNG-test-OrangeHRMTest-4] INFO  BaseClass - WebDriver instance is closed
2025-12-28 21:15:34 [TestNG-test-OrangeHRMTest-3] INFO  BaseClass - WebDriver Initialized and Browser Maximized
2025-12-28 21:15:34 [TestNG-test-OrangeHRMTest-3] TRACE BaseClass - This is a Trace message
2025-12-28 21:15:34 [TestNG-test-OrangeHRMTest-3] DEBUG BaseClass - This is a Debug message
2025-12-28 21:15:34 [TestNG-test-OrangeHRMTest-3] WARN  BaseClass - This is a Warn message
2025-12-28 21:15:34 [TestNG-test-OrangeHRMTest-3] INFO  ActionDriver - WebDriver instance is created.
2025-12-28 21:15:34 [TestNG-test-OrangeHRMTest-3] INFO  BaseClass - ActionDriver Initialized for Thread: 41
2025-12-28 21:15:34 [TestNG-test-OrangeHRMTest-3] INFO  ActionDriver - Applied the border with color green to element: Element with name: username
2025-12-28 21:15:34 [TestNG-test-OrangeHRMTest-3] INFO  ActionDriver - Entered text on: Element with name: username-->Admin
2025-12-28 21:15:34 [TestNG-test-OrangeHRMTest-3] INFO  ActionDriver - Applied the border with color green to element: Element with name: password
2025-12-28 21:15:34 [TestNG-test-OrangeHRMTest-3] INFO  ActionDriver - Entered text on: Element with name: password-->admin123
2025-12-28 21:15:35 [TestNG-test-OrangeHRMTest-3] INFO  ActionDriver - Applied the border with color green to element: Element with text: Login
2025-12-28 21:15:35 [TestNG-test-OrangeHRMTest-3] INFO  ActionDriver - Clicked an element--> Element with text: Login
2025-12-28 21:15:37 [TestNG-test-OrangeHRMTest-3] INFO  ActionDriver - Applied the border with color green to element: Element with text: Admin
2025-12-28 21:15:37 [TestNG-test-OrangeHRMTest-3] INFO  ActionDriver - Element is displayed: Element with text: Admin
2025-12-28 21:15:38 [TestNG-test-OrangeHRMTest-3] INFO  ActionDriver - Applied the border with color green to element: Element with text: FirstNameTest LastNameTest
2025-12-28 21:15:38 [TestNG-test-OrangeHRMTest-3] INFO  ActionDriver - Clicked an element--> Element with text: FirstNameTest LastNameTest
2025-12-28 21:15:38 [TestNG-test-OrangeHRMTest-3] INFO  ActionDriver - Applied the border with color green to element: Element with text: Logout
2025-12-28 21:15:39 [TestNG-test-OrangeHRMTest-3] INFO  ActionDriver - Clicked an element--> Element with text: Logout
2025-12-28 21:15:42 [TestNG-test-OrangeHRMTest-3] INFO  BaseClass - WebDriver instance is closed
2025-12-28 21:24:09 [main] INFO  Logger - [TestNG] Running:
  E:\SeleniumFramework\OrangeHRMProject\src\test\resources\testng.xml

2025-12-28 21:24:09 [main] INFO  BaseClass - config.properties loaded
2025-12-28 21:24:12 [TestNG-test-OrangeHRMTest-4] INFO  BaseClass - ChromeDriver Instance is created
2025-12-28 21:24:12 [TestNG-test-OrangeHRMTest-3] INFO  BaseClass - ChromeDriver Instance is created
2025-12-28 21:24:12 [TestNG-test-OrangeHRMTest-1] INFO  BaseClass - ChromeDriver Instance is created
2025-12-28 21:24:12 [TestNG-test-OrangeHRMTest-2] INFO  BaseClass - ChromeDriver Instance is created
2025-12-28 21:24:15 [TestNG-test-OrangeHRMTest-2] INFO  BaseClass - WebDriver Initialized and Browser Maximized
2025-12-28 21:24:15 [TestNG-test-OrangeHRMTest-2] TRACE BaseClass - This is a Trace message
2025-12-28 21:24:16 [TestNG-test-OrangeHRMTest-2] DEBUG BaseClass - This is a Debug message
2025-12-28 21:24:16 [TestNG-test-OrangeHRMTest-2] WARN  BaseClass - This is a Warn message
2025-12-28 21:24:16 [TestNG-test-OrangeHRMTest-2] INFO  ActionDriver - WebDriver instance is created.
2025-12-28 21:24:16 [TestNG-test-OrangeHRMTest-2] INFO  BaseClass - ActionDriver Initialized for Thread: 38
2025-12-28 21:24:18 [TestNG-test-OrangeHRMTest-1] INFO  BaseClass - WebDriver Initialized and Browser Maximized
2025-12-28 21:24:18 [TestNG-test-OrangeHRMTest-1] TRACE BaseClass - This is a Trace message
2025-12-28 21:24:18 [TestNG-test-OrangeHRMTest-1] DEBUG BaseClass - This is a Debug message
2025-12-28 21:24:18 [TestNG-test-OrangeHRMTest-1] WARN  BaseClass - This is a Warn message
2025-12-28 21:24:18 [TestNG-test-OrangeHRMTest-1] INFO  ActionDriver - WebDriver instance is created.
2025-12-28 21:24:18 [TestNG-test-OrangeHRMTest-1] INFO  BaseClass - ActionDriver Initialized for Thread: 37
2025-12-28 21:24:18 [TestNG-test-OrangeHRMTest-2] INFO  BaseClass - WebDriver instance is closed
2025-12-28 21:24:18 [TestNG-test-OrangeHRMTest-3] INFO  BaseClass - WebDriver Initialized and Browser Maximized
2025-12-28 21:24:18 [TestNG-test-OrangeHRMTest-4] INFO  BaseClass - WebDriver Initialized and Browser Maximized
2025-12-28 21:24:18 [TestNG-test-OrangeHRMTest-3] TRACE BaseClass - This is a Trace message
2025-12-28 21:24:18 [TestNG-test-OrangeHRMTest-4] TRACE BaseClass - This is a Trace message
2025-12-28 21:24:18 [TestNG-test-OrangeHRMTest-4] DEBUG BaseClass - This is a Debug message
2025-12-28 21:24:18 [TestNG-test-OrangeHRMTest-4] WARN  BaseClass - This is a Warn message
2025-12-28 21:24:18 [TestNG-test-OrangeHRMTest-4] INFO  ActionDriver - WebDriver instance is created.
2025-12-28 21:24:18 [TestNG-test-OrangeHRMTest-4] INFO  BaseClass - ActionDriver Initialized for Thread: 40
2025-12-28 21:24:18 [TestNG-test-OrangeHRMTest-3] DEBUG BaseClass - This is a Debug message
2025-12-28 21:24:18 [TestNG-test-OrangeHRMTest-3] WARN  BaseClass - This is a Warn message
2025-12-28 21:24:18 [TestNG-test-OrangeHRMTest-3] INFO  ActionDriver - WebDriver instance is created.
2025-12-28 21:24:18 [TestNG-test-OrangeHRMTest-3] INFO  BaseClass - ActionDriver Initialized for Thread: 39
2025-12-28 21:24:18 [TestNG-test-OrangeHRMTest-1] INFO  BaseClass - WebDriver instance is closed
2025-12-28 21:24:19 [TestNG-test-OrangeHRMTest-4] INFO  ActionDriver - Applied the border with color green to element: Element with name: username
2025-12-28 21:24:19 [TestNG-test-OrangeHRMTest-3] INFO  ActionDriver - Applied the border with color green to element: Element with name: username
2025-12-28 21:24:19 [TestNG-test-OrangeHRMTest-4] INFO  ActionDriver - Entered text on: Element with name: username-->admin
2025-12-28 21:24:19 [TestNG-test-OrangeHRMTest-3] INFO  ActionDriver - Entered text on: Element with name: username-->Admin
2025-12-28 21:24:19 [TestNG-test-OrangeHRMTest-4] INFO  ActionDriver - Applied the border with color green to element: Element with name: password
2025-12-28 21:24:19 [TestNG-test-OrangeHRMTest-3] INFO  ActionDriver - Applied the border with color green to element: Element with name: password
2025-12-28 21:24:20 [TestNG-test-OrangeHRMTest-3] INFO  ActionDriver - Entered text on: Element with name: password-->admin
2025-12-28 21:24:20 [TestNG-test-OrangeHRMTest-4] INFO  ActionDriver - Entered text on: Element with name: password-->admin123
2025-12-28 21:24:20 [TestNG-test-OrangeHRMTest-4] INFO  ActionDriver - Applied the border with color green to element: Element with text: Login
2025-12-28 21:24:20 [TestNG-test-OrangeHRMTest-3] INFO  ActionDriver - Applied the border with color green to element: Element with text: Login
2025-12-28 21:24:21 [TestNG-test-OrangeHRMTest-3] INFO  ActionDriver - Clicked an element--> Element with text: Login
2025-12-28 21:24:22 [TestNG-test-OrangeHRMTest-4] INFO  ActionDriver - Clicked an element--> Element with text: Login
2025-12-28 21:24:22 [TestNG-test-OrangeHRMTest-4] INFO  ActionDriver - Applied the border with color green to element: Unable to describe the element
2025-12-28 21:24:22 [TestNG-test-OrangeHRMTest-3] INFO  ActionDriver - Applied the border with color red to element: Element with text: Invalid credentials
2025-12-28 21:24:22 [TestNG-test-OrangeHRMTest-4] INFO  ActionDriver - Element is displayed: Unable to describe the element
2025-12-28 21:24:23 [TestNG-test-OrangeHRMTest-3] INFO  BaseClass - WebDriver instance is closed
2025-12-28 21:24:24 [TestNG-test-OrangeHRMTest-4] INFO  BaseClass - WebDriver instance is closed
2025-12-28 21:24:25 [TestNG-test-OrangeHRMTest-3] INFO  BaseClass - ChromeDriver Instance is created
2025-12-28 21:24:30 [TestNG-test-OrangeHRMTest-3] INFO  BaseClass - WebDriver Initialized and Browser Maximized
2025-12-28 21:24:30 [TestNG-test-OrangeHRMTest-3] TRACE BaseClass - This is a Trace message
2025-12-28 21:24:30 [TestNG-test-OrangeHRMTest-3] DEBUG BaseClass - This is a Debug message
2025-12-28 21:24:30 [TestNG-test-OrangeHRMTest-3] WARN  BaseClass - This is a Warn message
2025-12-28 21:24:30 [TestNG-test-OrangeHRMTest-3] INFO  ActionDriver - WebDriver instance is created.
2025-12-28 21:24:30 [TestNG-test-OrangeHRMTest-3] INFO  BaseClass - ActionDriver Initialized for Thread: 39
2025-12-28 21:24:31 [TestNG-test-OrangeHRMTest-3] INFO  ActionDriver - Applied the border with color green to element: Element with name: username
2025-12-28 21:24:31 [TestNG-test-OrangeHRMTest-3] INFO  ActionDriver - Entered text on: Element with name: username-->Admin
2025-12-28 21:24:31 [TestNG-test-OrangeHRMTest-3] INFO  ActionDriver - Applied the border with color green to element: Element with name: password
2025-12-28 21:24:31 [TestNG-test-OrangeHRMTest-3] INFO  ActionDriver - Entered text on: Element with name: password-->admin123
2025-12-28 21:24:32 [TestNG-test-OrangeHRMTest-3] INFO  ActionDriver - Applied the border with color green to element: Element with text: Login
2025-12-28 21:24:33 [TestNG-test-OrangeHRMTest-3] INFO  ActionDriver - Clicked an element--> Element with text: Login
2025-12-28 21:24:34 [TestNG-test-OrangeHRMTest-3] INFO  ActionDriver - Applied the border with color green to element: Element with text: Admin
2025-12-28 21:24:34 [TestNG-test-OrangeHRMTest-3] INFO  ActionDriver - Element is displayed: Element with text: Admin
2025-12-28 21:24:35 [TestNG-test-OrangeHRMTest-3] INFO  ActionDriver - Applied the border with color green to element: Element with text: Hossam LastNameTest
2025-12-28 21:24:35 [TestNG-test-OrangeHRMTest-3] INFO  ActionDriver - Clicked an element--> Element with text: Hossam LastNameTest
2025-12-28 21:24:35 [TestNG-test-OrangeHRMTest-3] INFO  ActionDriver - Applied the border with color green to element: Element with text: Logout
2025-12-28 21:24:36 [TestNG-test-OrangeHRMTest-3] INFO  ActionDriver - Clicked an element--> Element with text: Logout
2025-12-28 21:24:40 [TestNG-test-OrangeHRMTest-3] INFO  BaseClass - WebDriver instance is closed
2025-12-28 21:25:57 [main] INFO  Logger - [TestNG] Running:
  E:\SeleniumFramework\OrangeHRMProject\src\test\resources\testng.xml

2025-12-28 21:25:57 [main] INFO  BaseClass - config.properties loaded
2025-12-28 21:25:59 [TestNG-test-OrangeHRMTest-4] INFO  BaseClass - ChromeDriver Instance is created
2025-12-28 21:25:59 [TestNG-test-OrangeHRMTest-2] INFO  BaseClass - ChromeDriver Instance is created
2025-12-28 21:25:59 [TestNG-test-OrangeHRMTest-1] INFO  BaseClass - ChromeDriver Instance is created
2025-12-28 21:25:59 [TestNG-test-OrangeHRMTest-3] INFO  BaseClass - ChromeDriver Instance is created
2025-12-28 21:26:05 [TestNG-test-OrangeHRMTest-2] INFO  BaseClass - WebDriver Initialized and Browser Maximized
2025-12-28 21:26:05 [TestNG-test-OrangeHRMTest-2] TRACE BaseClass - This is a Trace message
2025-12-28 21:26:05 [TestNG-test-OrangeHRMTest-2] DEBUG BaseClass - This is a Debug message
2025-12-28 21:26:05 [TestNG-test-OrangeHRMTest-2] WARN  BaseClass - This is a Warn message
2025-12-28 21:26:05 [TestNG-test-OrangeHRMTest-2] INFO  ActionDriver - WebDriver instance is created.
2025-12-28 21:26:05 [TestNG-test-OrangeHRMTest-2] INFO  BaseClass - ActionDriver Initialized for Thread: 38
2025-12-28 21:26:06 [TestNG-test-OrangeHRMTest-1] INFO  BaseClass - WebDriver Initialized and Browser Maximized
2025-12-28 21:26:06 [TestNG-test-OrangeHRMTest-1] TRACE BaseClass - This is a Trace message
2025-12-28 21:26:06 [TestNG-test-OrangeHRMTest-1] DEBUG BaseClass - This is a Debug message
2025-12-28 21:26:06 [TestNG-test-OrangeHRMTest-1] WARN  BaseClass - This is a Warn message
2025-12-28 21:26:06 [TestNG-test-OrangeHRMTest-1] INFO  ActionDriver - WebDriver instance is created.
2025-12-28 21:26:06 [TestNG-test-OrangeHRMTest-1] INFO  BaseClass - ActionDriver Initialized for Thread: 37
2025-12-28 21:26:06 [TestNG-test-OrangeHRMTest-3] INFO  BaseClass - WebDriver Initialized and Browser Maximized
2025-12-28 21:26:06 [TestNG-test-OrangeHRMTest-3] TRACE BaseClass - This is a Trace message
2025-12-28 21:26:06 [TestNG-test-OrangeHRMTest-3] DEBUG BaseClass - This is a Debug message
2025-12-28 21:26:06 [TestNG-test-OrangeHRMTest-3] WARN  BaseClass - This is a Warn message
2025-12-28 21:26:06 [TestNG-test-OrangeHRMTest-3] INFO  ActionDriver - WebDriver instance is created.
2025-12-28 21:26:06 [TestNG-test-OrangeHRMTest-3] INFO  BaseClass - ActionDriver Initialized for Thread: 39
2025-12-28 21:26:06 [TestNG-test-OrangeHRMTest-4] INFO  BaseClass - WebDriver Initialized and Browser Maximized
2025-12-28 21:26:06 [TestNG-test-OrangeHRMTest-4] TRACE BaseClass - This is a Trace message
2025-12-28 21:26:06 [TestNG-test-OrangeHRMTest-4] DEBUG BaseClass - This is a Debug message
2025-12-28 21:26:06 [TestNG-test-OrangeHRMTest-4] WARN  BaseClass - This is a Warn message
2025-12-28 21:26:06 [TestNG-test-OrangeHRMTest-4] INFO  ActionDriver - WebDriver instance is created.
2025-12-28 21:26:06 [TestNG-test-OrangeHRMTest-4] INFO  BaseClass - ActionDriver Initialized for Thread: 40
2025-12-28 21:26:06 [TestNG-test-OrangeHRMTest-3] INFO  ActionDriver - Applied the border with color green to element: Element with name: username
2025-12-28 21:26:07 [TestNG-test-OrangeHRMTest-2] INFO  BaseClass - WebDriver instance is closed
2025-12-28 21:26:07 [TestNG-test-OrangeHRMTest-4] INFO  ActionDriver - Applied the border with color green to element: Element with name: username
2025-12-28 21:26:07 [TestNG-test-OrangeHRMTest-3] INFO  ActionDriver - Entered text on: Element with name: username-->Admin
2025-12-28 21:26:07 [TestNG-test-OrangeHRMTest-1] INFO  BaseClass - WebDriver instance is closed
2025-12-28 21:26:07 [TestNG-test-OrangeHRMTest-3] INFO  ActionDriver - Applied the border with color green to element: Element with name: password
2025-12-28 21:26:07 [TestNG-test-OrangeHRMTest-4] INFO  ActionDriver - Entered text on: Element with name: username-->admin
2025-12-28 21:26:07 [TestNG-test-OrangeHRMTest-3] INFO  ActionDriver - Entered text on: Element with name: password-->admin
2025-12-28 21:26:07 [TestNG-test-OrangeHRMTest-4] INFO  ActionDriver - Applied the border with color green to element: Element with name: password
2025-12-28 21:26:08 [TestNG-test-OrangeHRMTest-3] INFO  ActionDriver - Applied the border with color green to element: Element with text: Login
2025-12-28 21:26:08 [TestNG-test-OrangeHRMTest-4] INFO  ActionDriver - Entered text on: Element with name: password-->admin123
2025-12-28 21:26:08 [TestNG-test-OrangeHRMTest-3] INFO  ActionDriver - Clicked an element--> Element with text: Login
2025-12-28 21:26:08 [TestNG-test-OrangeHRMTest-4] INFO  ActionDriver - Applied the border with color green to element: Element with text: Login
2025-12-28 21:26:09 [TestNG-test-OrangeHRMTest-4] INFO  ActionDriver - Clicked an element--> Element with text: Login
2025-12-28 21:26:09 [TestNG-test-OrangeHRMTest-3] INFO  ActionDriver - Applied the border with color green to element: Element with text: Invalid credentials
2025-12-28 21:26:09 [TestNG-test-OrangeHRMTest-3] INFO  ActionDriver - Texts are Matching: Invalid credentials equals Invalid credentials
2025-12-28 21:26:10 [TestNG-test-OrangeHRMTest-4] INFO  ActionDriver - Applied the border with color green to element: Unable to describe the element
2025-12-28 21:26:10 [TestNG-test-OrangeHRMTest-4] INFO  ActionDriver - Element is displayed: Unable to describe the element
2025-12-28 21:26:10 [TestNG-test-OrangeHRMTest-3] INFO  BaseClass - WebDriver instance is closed
2025-12-28 21:26:11 [TestNG-test-OrangeHRMTest-3] INFO  BaseClass - ChromeDriver Instance is created
2025-12-28 21:26:13 [TestNG-test-OrangeHRMTest-4] INFO  BaseClass - WebDriver instance is closed
2025-12-28 21:26:17 [TestNG-test-OrangeHRMTest-3] INFO  BaseClass - WebDriver Initialized and Browser Maximized
2025-12-28 21:26:17 [TestNG-test-OrangeHRMTest-3] TRACE BaseClass - This is a Trace message
2025-12-28 21:26:17 [TestNG-test-OrangeHRMTest-3] DEBUG BaseClass - This is a Debug message
2025-12-28 21:26:17 [TestNG-test-OrangeHRMTest-3] WARN  BaseClass - This is a Warn message
2025-12-28 21:26:17 [TestNG-test-OrangeHRMTest-3] INFO  ActionDriver - WebDriver instance is created.
2025-12-28 21:26:17 [TestNG-test-OrangeHRMTest-3] INFO  BaseClass - ActionDriver Initialized for Thread: 39
2025-12-28 21:26:17 [TestNG-test-OrangeHRMTest-3] INFO  ActionDriver - Applied the border with color green to element: Element with name: username
2025-12-28 21:26:18 [TestNG-test-OrangeHRMTest-3] INFO  ActionDriver - Entered text on: Element with name: username-->Admin
2025-12-28 21:26:18 [TestNG-test-OrangeHRMTest-3] INFO  ActionDriver - Applied the border with color green to element: Element with name: password
2025-12-28 21:26:18 [TestNG-test-OrangeHRMTest-3] INFO  ActionDriver - Entered text on: Element with name: password-->admin123
2025-12-28 21:26:19 [TestNG-test-OrangeHRMTest-3] INFO  ActionDriver - Applied the border with color green to element: Element with text: Login
2025-12-28 21:26:20 [TestNG-test-OrangeHRMTest-3] INFO  ActionDriver - Clicked an element--> Element with text: Login
2025-12-28 21:26:20 [TestNG-test-OrangeHRMTest-3] INFO  ActionDriver - Applied the border with color green to element: Element with text: Admin
2025-12-28 21:26:20 [TestNG-test-OrangeHRMTest-3] INFO  ActionDriver - Element is displayed: Element with text: Admin
2025-12-28 21:26:22 [TestNG-test-OrangeHRMTest-3] INFO  ActionDriver - Applied the border with color green to element: Element with text: Hossam LastNameTest
2025-12-28 21:26:22 [TestNG-test-OrangeHRMTest-3] INFO  ActionDriver - Clicked an element--> Element with text: Hossam LastNameTest
2025-12-28 21:26:22 [TestNG-test-OrangeHRMTest-3] INFO  ActionDriver - Applied the border with color green to element: Element with text: Logout
2025-12-28 21:26:23 [TestNG-test-OrangeHRMTest-3] INFO  ActionDriver - Clicked an element--> Element with text: Logout
2025-12-28 21:26:27 [TestNG-test-OrangeHRMTest-3] INFO  BaseClass - WebDriver instance is closed
